Mean,MSE,AF8_entropy,TP9_permutation_entropy,AF7_permutation_entropy,TP10_permutation_entropy,Abs_Power_Theta,Abs_Power_Gamma,Rel_Power_Theta,Rel_Power_Beta,Amplitude_Mean,Asymmetry_Mean,Asymmetry_Kurtosis
0.0497461135898437,0.4883968291237718,1.6211811080381875,1.6307569550601473,0.8468159326670327,1.444071883385685,0.0034812279834439,3.9370421636423456e-10,0.0143991784704861,0.0008088491771481,0.4475124404238281,0.0497461135898437,3.2238525277787944
-0.0803303068544921,0.5337702476047249,1.6201044269845777,1.629787789229054,0.7095409903356217,1.45571643330332,0.0189971395413437,3.871269995378659e-10,0.1096983040791941,0.0011938801529296,0.347247684053711,-0.0803303068544922,6.115292924049932
0.0192081441914062,0.5565907450146353,1.6243947998503248,1.6357839183674945,0.820225550146461,1.4758400520128792,0.0031751295072795,2.715638711255154e-10,0.0238711727355539,0.0013361397824705,0.3295378959570312,0.0192081441914062,3.852565539758999
-0.0167003916249999,0.5327333482099597,1.6300364267808454,1.634785115367957,0.9733063803487388,1.4460088162490567,0.0028026198938916,2.1383233514724155e-10,0.021730286982775,0.0014817095401725,0.2730634578574218,-0.016700391625,4.168005260045168
0.0152159029707031,0.5107426671937086,1.6275079866429951,1.630893132394055,0.7397635956743557,1.4547351831539856,0.0065264380939533,2.8436502607698976e-10,0.0343456462821785,0.0012365985427629,0.3262629972558593,0.0152159029707031,7.497453394746694
0.0028821421484375,0.5862201131556461,1.6098647449585408,1.6356263960308837,1.0320515221497708,1.5086169416376851,0.0037709366568912,4.2526378359241084e-10,0.0318953394751483,0.0019703469926007,0.2943062151738281,0.0028821421484375,3.0449176624333782
0.0145252548564453,0.4507605980936761,1.6301471422213507,1.6245796539288602,1.001113924183232,1.542156203385748,0.0029034652792536,5.04547309384575e-10,0.0233046789581185,0.0020437135019592,0.2648679754716797,0.0145252548564453,4.212130435545041
-0.0117292190966796,0.44913971023374,1.6351533234656157,1.6300742695050563,0.9171001208297136,1.5193370868465628,0.0028502774141887,5.319306385012963e-10,0.0179718448623931,0.0016174964702098,0.3153748608466797,-0.0117292190966796,3.3874886390816874
0.0141518087978515,0.5757087834281606,1.629640455956956,1.6303183704477002,0.9916060691005936,1.5103569452172858,0.0024926315610001,5.062092589569276e-10,0.0166876564821916,0.0020368854561725,0.3064330395693359,0.0141518087978515,3.069451802008344
-0.0591677829941406,0.4284177653733682,1.6284229601581344,1.6312996485992683,0.8350189051006869,1.4721781311359,0.0028271729507371,4.1005865027374117e-10,0.0194837707133313,0.0019982824582191,0.3071777578945313,-0.0591677829941406,3.1830088280350823
0.0644845560488281,0.2742583968870015,1.62621063599894,1.6263981834815346,0.5329656109108751,1.47411870824797,0.0048423318969415,1.258415547414577e-09,0.0229354690386598,0.001347427426887,0.4035960006445312,0.0644845560488281,20.95613758550289
-0.0274452719804687,0.1176665466353419,1.609608910915646,1.625833767559274,0.1280527509412009,1.427106436770374,0.0040315912060942,2.1011258273457768e-09,0.0024667394483285,0.0001744474148683,1.0322333394296876,-0.0274452719804687,9.367900067814272
-0.0041088787871093,0.5109864148585107,1.618872309027151,1.6231589816724512,0.8783010273314122,1.4941816815049145,0.0041920582664751,5.421870349584607e-10,0.0224137714702744,0.0017351576803293,0.3472578853164063,-0.0041088787871093,3.814171446916916
0.0089163939736328,0.3187100690758994,1.612581952285994,1.628343105312901,0.5992223623256073,1.4234292928360008,0.0100572033733534,9.716203624036466e-10,0.0194273641905877,0.0006268195978202,0.4777054372392578,0.0089163939736328,8.139744916433699
-0.0548503155263672,0.2737761202956431,1.605875614728602,1.631558778188376,0.570844851651836,1.4825469224494143,0.0049404803248285,7.715192965712498e-10,0.0212184547553072,0.0014872918631377,0.3597330515107422,-0.0548503155263671,6.7699403835167145
0.0390125048955078,0.5530130924056753,1.610891121845842,1.631401255851765,1.0286537000611993,1.5245790329339588,0.0036534929906279,8.467818497467205e-10,0.0187021479672659,0.001860637004464,0.3553515841279296,0.0390125048955078,3.2372173994076805
0.0364746869121093,0.4748876188867759,1.6261784341770906,1.6260537721369872,1.107320616559894,1.537661366475224,0.005532628442508,7.97601992040153e-10,0.0344181995816026,0.0020546392012455,0.3054094607773437,0.0364746869121093,3.4798672581556778
-0.030250923415039,0.5719657182783662,1.6067945083327504,1.6318803900185854,0.7231978247595005,1.4030414553234325,0.0248396470108532,1.1539651255489683e-09,0.0718377628489454,0.0009511575924193,0.4637804447236328,-0.030250923415039,6.948852234724974
-0.0100187570263671,0.4151601650302415,1.6254144415241432,1.6271099086404617,1.13370360847938,1.4662093057449526,0.0055609745741055,7.805066246150198e-10,0.0363661722929727,0.0022973248374524,0.2903738261923828,-0.0100187570263671,3.55045407336836
0.0116281045634765,0.3920170450468657,1.6153407448772448,1.6312497951167062,0.6483107286210282,1.513609105865778,0.0047681838848412,1.05012516876865e-09,0.0167095338710158,0.0014209813359804,0.4036998755068359,0.0116281045634765,5.913168675037199
0.1538650303964843,0.4170980158023117,1.616084104420843,1.631615691705348,0.5339294442260949,1.5142604705194254,0.0084329915283657,1.2557781323070803e-09,0.0152402258383821,0.0007035886391551,0.5956399656132813,0.1538650303964843,4.25274004443019
-0.1440119165078124,0.1279923488185468,1.5701763230632229,1.6306553478076509,0.183260680448611,1.3027138592097864,0.0053109919670776,2.281011029502048e-09,0.0013203348207813,9.204354572978844e-05,1.11669256190625,-0.1440119165078124,11.01720111046522
-0.0173977337421875,0.3792886711471986,1.6198030956106728,1.629911602518861,0.7483335961272362,1.4861512044889016,0.0050400218989653,9.041669272162355e-10,0.0203323698028634,0.0012496006423773,0.3753524333886719,-0.0173977337421875,3.629760718611878
0.0197191284511718,0.5469117774344785,1.609148248991974,1.629911602518861,1.055104100426578,1.4723494828795305,0.0050917122758624,7.288454021935609e-10,0.0300514162215674,0.0021154389447844,0.3212129570136719,0.0197191284511718,4.036704340955794
0.023180847149414,0.6262829658433934,1.6280116501042456,1.6278806257462024,0.9752332675076052,1.493633633107202,0.0052110214339488,8.288269291402846e-10,0.0301829771434888,0.0018131300107988,0.3335064664052734,0.023180847149414,3.914733585909652
0.1139751733173828,0.3385097944603502,1.5935491171621774,1.630138034033342,0.4717074270609019,1.3984038109570618,0.0105727338579022,6.609472713507016e-10,0.0174042948372175,0.0006130310380487,0.6202069975029297,0.1139751733173828,7.816960648235021
-0.202118289821289,0.3363741942014474,1.5962083283182673,1.6317228676819746,0.5987909024931329,1.4264077020898478,0.0066903192119429,8.184679134253494e-10,0.0182291681193189,0.0009387168815776,0.515634980399414,-0.2021182898212891,5.445028277464117
0.0521108186230468,0.4887484760082821,1.6203155081327436,1.6268603696348434,1.037119234317721,1.4755263441397783,0.0080111619511379,7.122885386546873e-10,0.0458947975149404,0.0019269379159519,0.3230701564472656,0.0521108186230468,3.9274996441554175
-0.0042314959716796,0.486773030151241,1.618872309027151,1.630138034033342,0.7978385760857475,1.4674640412363362,0.0048960965419821,6.044399651759688e-10,0.0295215866643443,0.0019238000012824,0.3166664321552734,-0.0042314959716796,3.864365156962085
0.0181262696142578,0.4523169002818431,1.619767585863015,1.6318803900185852,0.8848972102637169,1.476231102139483,0.0026174455038309,3.376847388074242e-10,0.0169440455288839,0.001601234204507,0.2911926719951171,0.0181262696142578,4.4650468518526285
0.011516371883789,0.4722380673206772,1.6190584821026723,1.6299453115656648,0.8381072690080906,1.5324531144060791,0.0043669423431551,6.547359347576412e-10,0.0176711843676376,0.0010539957976145,0.3805180037529297,0.011516371883789,3.397168910325379
0.0336539879199218,0.1447582021404683,1.5618911182511024,1.6303046645579615,0.1382763600087483,1.3131659375375613,0.0080158190910906,2.118099706815279e-09,0.0028241311529813,9.096525055931904e-05,1.0931219535878909,0.0336539879199219,8.536310937094772
-0.135708830321289,0.326711818973473,1.6030467157941424,1.622104738124127,0.9564377998875672,1.4657085249542692,0.0068692549540025,8.27831834576716e-10,0.0159636013767482,0.0005650824419619,0.5827043239130859,-0.135708830321289,3.77449655448498
0.1969735505205078,0.2841573493888348,1.579549194691841,1.6317228676819746,1.181881846511744,1.4939836614025084,0.0047896903568664,1.924917430891829e-09,0.0055102267382051,0.0004365986385141,0.6444339922998047,0.1969735505205078,5.772644719252897
-0.1176324426738281,0.364232089388539,1.622175653634093,1.631253922579667,0.8701847092072947,1.452714474943264,0.0060403019468515,8.913208402714398e-10,0.0253652138705098,0.0012392013398976,0.3843333410722656,-0.1176324426738281,5.084054996406412
-0.1411896460556641,0.1940717787325486,1.5677872686683625,1.6312705771797888,0.133306367308225,1.3900563957527228,0.0092471589783841,1.6622985420727676e-09,0.0031765607745261,0.0001064394998186,0.8401577108427734,-0.1411896460556641,16.731743438067774
0.154108503290039,0.2510427260648616,1.6243947998503248,1.631621260429478,0.4821515088498306,1.531943099867834,0.0061790459160273,2.311163994625913e-09,0.0213411676046777,0.0012869021724743,0.4986880735048828,0.154108503290039,6.13894557029476
-0.0162118712763671,0.3258694587215159,1.6092483072310473,1.6303183704477004,0.9180828470491366,1.4970462211375546,0.0058605614727921,2.186807052376786e-09,0.0254317482528751,0.0013185101034797,0.365257796444336,-0.0162118712763671,4.0386173490381765
-0.0088212442460937,0.3381255351985528,1.5134885206190891,1.631621260429478,1.2149018748581262,1.5441613804478056,0.0067116895538799,2.25027019365165e-09,0.0232478510737741,0.0023363683316921,0.3880371019863281,-0.0088212442460937,4.419798441089831
0.0273434414394531,0.4050932917811442,1.6097437178555478,1.63114818786421,1.1061109847592303,1.4676565365768226,0.0038450337329166,2.695993851667646e-09,0.0166001683311161,0.0020275263797602,0.3290852885234375,0.0273434414394531,6.221176138701826
-0.0300657430478515,0.3410381071208577,1.6304596458635516,1.6210123679910509,0.946630391983476,1.454495479376683,0.0037378077160413,2.993804069208118e-09,0.0119764111796127,0.0019023565601203,0.4310923698505859,-0.0300657430478515,3.9244023359896016
0.0230779726582031,0.2834606016591594,1.6306096217880497,1.6290282308718813,0.8066324952039434,1.3814886316333217,0.0050512777345183,4.016148567932046e-09,0.0158735251014642,0.002007109253434,0.4059174562773437,0.0230779726582031,4.619186979973513
-0.0096852560546875,0.3113027561251494,1.6280173660197306,1.630928183286497,0.9337376454778756,1.5011023591678845,0.0059723467327096,3.638353945409315e-09,0.0183305397481444,0.0022302734730399,0.4140640463066406,-0.0096852560546874,4.946000511055948
-0.0033350069921875,0.3731784189433969,1.6120891122294347,1.631778782766089,0.6890336412341531,1.4650510597546034,0.0066721687160607,4.364271672401414e-09,0.0149362964411501,0.0020113321804094,0.4544471217695313,-0.0033350069921875,4.874380255327631
0.0933232560605469,0.1343365088549828,1.5602954346908744,1.6308265760340004,0.1934811551017418,1.3096712307937417,0.0067060016160445,5.755218978669012e-09,0.0022784745699754,0.0002861774085474,1.0644000693632814,0.0933232560605468,10.153811784285738
-0.0827253724404296,0.1662183492830113,1.6019417212893603,1.6307569550601473,0.1845945198553929,1.386279153766826,0.0065666281903609,6.853110673773037e-09,0.0038063127336557,0.0005072101628864,0.8961746103935547,-0.0827253724404296,7.479132034113004
-0.0497174560263671,0.0928637209572781,1.5579854794718149,1.631621260429478,0.0771902818294391,1.3991980413764895,0.0105971745520126,9.683623677464113e-09,0.002221813754914,0.0002214192504919,1.470305397088867,-0.0497174560263671,8.541774642120975
-0.0024242735166015,0.1480377242895989,1.619823736718261,1.630138034033342,0.4053460959092734,1.509291448513785,0.0067102574661788,6.040019491306414e-09,0.0116604133070791,0.001769192226057,0.6848194387470703,-0.0024242735166015,4.222606891319233
0.0811193871621093,0.3112825808461594,1.625856822346881,1.6360994685961516,1.000848119902218,1.5030459398645073,0.0047949247995445,5.357326044488404e-09,0.0102854996500547,0.0022564527166261,0.5006501130800781,0.0811193871621093,4.903203906806169
-0.0392298823935546,0.2704166481888891,1.5876306448910331,1.6355752646211117,0.4907766214166087,1.4458801200832283,0.016949142440061,5.1069820398243425e-09,0.0204663112493029,0.0013834161346235,0.7025367989345703,-0.0392298823935546,4.6628463282183805
0.0308222365458984,0.3020261454806142,1.619094840322233,1.634312042802689,0.8369920323127409,1.4644024374226483,0.0092706131516332,5.5603835150505385e-09,0.0191948371249274,0.0023785238612853,0.4715041635009765,0.0308222365458984,5.314916040410733
0.0382662436386718,0.213548512743844,1.6173560495370154,1.630569799102189,0.5325370349369718,1.458147253123658,0.0077272367943827,5.506567761509045e-09,0.0111760204865498,0.0016752850654296,0.5710650943554687,0.0382662436386718,5.729129623567356
0.010608582859375,0.1099883449347708,1.5566761681023895,1.6317228676819746,0.1604545779673977,1.4008232213301792,0.0073875031534671,4.6351249601641935e-09,0.0029431735379271,0.0004406846658673,1.0298184610429688,0.0106085828593749,11.220285465932108
-0.0661377669326171,0.2331890268885853,1.628077735916981,1.6360994685961516,1.052092273033217,1.4988538369746598,0.0087796065641434,6.144372802254893e-09,0.0175839666515422,0.0023437669592894,0.4886814934248047,-0.0661377669326171,4.933382951688982
0.0146974088271484,0.2974074550859116,1.6304520994514384,1.634807948129967,0.8239792463767379,1.4790939121927502,0.008362490551218,5.987189293671566e-09,0.0176863309035956,0.0024752120419772,0.4880319239990234,0.0146974088271484,4.61498056863119
-0.0405033996748046,0.3168791971632569,1.6307569550601473,1.6280790744715552,0.9985288301111273,1.522068964982747,0.0062715426943096,3.669270300947543e-09,0.0150838857587726,0.0024051851681311,0.4292806542001953,-0.0405033996748046,5.636153365126881
0.0644997664199218,0.2943945905399054,1.5760620855548395,1.6277741172414673,0.9382696385929302,1.425120568928692,0.0085496934837747,5.777167859190546e-09,0.019483807849133,0.0021913873894171,0.4762993470488281,0.0644997664199218,5.656832651935087
-0.0838679001171875,0.2743371966088405,1.6127800851527132,1.63063998227791,0.7762810808031546,1.549814392315135,0.0090842547299222,5.224511323040542e-09,0.01665966108356,0.0021401056863024,0.5051127616953126,-0.0838679001171875,5.6104069050211045
0.0081311310966796,0.253580683500073,1.612721613569844,1.6312996485992683,0.716561682145859,1.5326463255609215,0.009825305867672,5.603293133992772e-09,0.0184472621216379,0.0022565103599789,0.5577304520791015,0.0081311310966796,4.373583785748579
0.0247097409453124,0.296086878662924,1.6207262765049808,1.6303580386110552,0.4384613312170956,1.4511690135084208,0.0071681316530451,1.7118309350607806e-09,0.0121959619051926,0.0005996427073697,0.6192826723027344,0.0247097409453124,4.102183507653974
-0.0338482917832031,0.3497702194958489,1.6211811080381875,1.6306233276777882,0.6931471805599453,1.4807380402891526,0.0042219974187079,4.51824911174453e-10,0.0195156328563684,0.0007885014170953,0.4002678005078125,-0.0338482917832031,3.218093080048832
0.0501969285888671,0.4617615008725437,1.5890957364174187,1.6224972654643028,0.7407445890086983,1.4643542785627606,0.0049995406057426,4.19961959096579e-10,0.0212408643848919,0.0007973903070008,0.4430661351552735,0.0501969285888671,3.2527018240454075
-0.0644003841572265,0.4413006695338081,1.622104738124127,1.620918080610099,0.5276827408324136,1.489201036946858,0.0047748327213893,5.447186104908526e-10,0.0226574947488681,0.0008373859586456,0.4587367324189453,-0.0644003841572265,3.690144442623464
0.084181382977539,0.4743383226839706,1.629849833024755,1.6303580386110552,0.9126806196500552,1.4072023855352822,0.004256452892291,3.3739892449980576e-10,0.034819381266785,0.0016314068011115,0.2940104169912109,0.084181382977539,3.797038774644845
-0.0151199276904296,0.5301536618333832,1.6030738856501383,1.6314571709358794,0.9767089340387062,1.4129061286330753,0.0025188029526374,3.006453613760217e-10,0.0214038094069525,0.0015341090431612,0.2852070084267578,-0.0151199276904296,3.7872143000032152
-0.1924633399824219,0.152873599614611,1.5674416109300655,1.630655347807651,0.1757866430458185,1.3234190269784591,0.0044662600357436,1.160923031400858e-09,0.0020715328868755,0.0001032812062034,0.7833517316542968,-0.1924633399824219,12.401998786881672
0.1590984059003906,0.1827960117188548,1.6180893162715788,1.6279147545718344,0.39106314323032,1.4483529569904956,0.0015645290242023,8.718257506720265e-10,0.0050077895690718,0.0007035333157157,0.5127610300019532,0.1590984059003906,7.350940262857179
-0.2576975821259765,0.1915283496498419,1.571277611907468,1.6312497951167062,0.1596944315357844,1.3850376572452174,0.0054015904608746,7.13786525925721e-10,0.0046201023354571,0.0002063883205853,0.6858660025595703,-0.2576975821259765,14.793659685955657
0.2871192143535156,0.1454371610944392,1.6047653153900303,1.619301998952854,0.3609407027943086,1.436469551131062,0.0101041026030152,8.388119901923832e-10,0.0185724900382907,0.0004265196463394,0.6062818541796875,0.2871192143535155,6.051536709522101
-0.0184048183271484,0.4985464608382564,1.6200243947244994,1.630283882494879,0.9199649552360394,1.495057510137074,0.0057015275826845,9.34726103330108e-10,0.0235418470046453,0.0010067671619152,0.388758849086914,-0.0184048183271484,3.622540176626514
0.0701630848798828,0.5245534497111862,1.5978060072902345,1.6318803900185854,0.8131648540177452,1.4359423527361206,0.0051922325034229,8.879631268566075e-10,0.0147590565315052,0.0007244872384444,0.4847777910087891,0.0701630848798828,3.3333604474233
-0.0702156633886718,0.2759605003532731,1.577622391222363,1.628771208461418,0.3377752926304088,1.4283973920861166,0.0056219034366975,6.314080990273595e-10,0.0097611839197353,0.0004304888815926,0.49339431009375,-0.0702156633886718,13.532669415476894
-0.0267842700478515,0.2934063240168939,1.5989231721324824,1.6258894687698326,0.7289888038379492,1.4299391862637456,0.0045361889646289,4.1871062099082544e-10,0.0253713447993745,0.0015280079887781,0.404705268352539,-0.0267842700478515,4.780954591634944
0.1467092093007812,0.3302929348338583,1.593065872821875,1.6294937332417243,1.016168619457035,1.5139962075929072,0.0041140044757953,4.6558022205662987e-10,0.0211579110169888,0.0012186983711489,0.3843147970078125,0.1467092093007812,4.524737835419146
-0.0297125989296874,0.1357308960443429,1.5545733044661665,1.630812870144262,0.1045685396363603,1.3826498768992503,0.0059840628633477,4.352651111198144e-09,0.0012269518058991,5.7909979023913016e-05,1.2500166977871094,-0.0297125989296875,12.257615536735717
-0.0734456617460937,0.3341681864488823,1.5919826562795212,1.6301547902548428,0.7341889311518462,1.435941547371064,0.0049430827210641,7.854892437709698e-10,0.0144674386360533,0.0006807579487306,0.4500206097089844,-0.0734456617460937,3.565565302844098
-0.0377077459912109,0.4168502581885322,1.574156487605602,1.6314180120732658,0.77210892390814,1.4389112729015572,0.0054665886110412,1.9060317148297638e-10,0.0155204763896889,0.0007716803141938,0.4431410928173828,-0.0377077459912109,4.121567883985732
-0.0719225056728515,0.3553212705920218,1.613043225400054,1.627954412431452,0.963437510299857,1.50213345553402,0.0048324501255239,7.576287036958898e-10,0.0152198972803203,0.0010181548942954,0.4838952031552734,-0.0719225056728515,4.021532784953629
-0.0354748838701172,0.1153763116711418,1.6057836434806,1.6312176125893936,1.0857471928712243,1.4535922866778443,0.0061669427929889,9.366545639176676e-09,0.0017887256155431,0.0001013465438779,1.0308906789697263,-0.0354748838701171,10.664892425383242
0.0143672487294921,0.1089132502217645,1.5919821101381242,1.626822734968708,0.70762707156026,1.4268172367524286,0.0078103620371051,6.168682960015283e-09,0.0019208428238565,0.0001093880402379,1.3140657779736329,0.0143672487294921,7.090146805934548
-0.1006189326875,0.1894261977441111,1.5641298012798417,1.6312996485992683,0.9282362664117252,1.482034568357709,0.0110649458306279,1.843413259240501e-09,0.0037002479937693,0.0001927576378019,1.3462557459980466,-0.1006189326875,4.820215500441622
0.1553099522275391,0.1549171413025391,1.567467574856325,1.6312996485992683,0.4126526806457918,1.438511464549098,0.0113039235805771,2.852064388342166e-09,0.0031505283576572,0.0002034724786892,1.4118071283232425,0.1553099522275391,3.996279206128495
0.1703229906201171,0.1203030653549842,1.490098669074538,1.630138034033342,0.2725231782643472,1.4071845927320277,0.0192936996854681,4.150049273060122e-09,0.0028275307211271,0.0001311193648805,1.9404591243603515,0.170322990620117,7.02705965135031
-0.1856413743955077,0.1840673159942115,1.6290098610550772,1.6307569550601473,0.4913336278305444,1.4501837393277863,0.0055931506690411,2.5760894031671767e-09,0.0037764076795971,0.0003120011395613,0.9005071377021485,-0.1856413743955077,4.730063538630496
0.0671496910761718,0.3012690870892141,1.6066782650182367,1.6307569550601473,1.0709607573375997,1.484340638327604,0.0056289335288927,3.991975373695501e-09,0.0105337934038453,0.0013379279704104,0.5452867074257812,0.0671496910761718,5.901618288528069
0.0035400341171874,0.2501906978831744,1.6215313528424755,1.625675284809803,1.1020605679470257,1.5089955078874815,0.0049309043183845,3.88168360638996e-09,0.0103456036166815,0.0016745121861009,0.4529605755566407,0.0035400341171874,5.719164566383
0.0077792996738281,0.2480939448713091,1.631778782766089,1.6304596458635516,1.283945895932056,1.5767128398383092,0.0045437574519056,4.066000486610479e-09,0.0123761107976812,0.0019584840731214,0.3945939767851562,0.0077792996738281,6.915760571337841
-0.010404457633789,0.2859116382330678,1.6290282308718815,1.6279147545718344,1.0533556970799889,1.54541274446132,0.0056439606737327,4.2417400419137105e-09,0.0154922767298155,0.0021512337657633,0.414540868805664,-0.010404457633789,6.029897478339487
0.035889197774414,0.2087525483048113,1.6191660434604056,1.6309281832864968,0.7669670927952126,1.4590757567566666,0.0068538396400177,4.628554073426666e-09,0.0132033214477455,0.0018385597861292,0.4975403980576172,0.035889197774414,5.594209632395231
0.0156038828515625,0.1658943701128636,1.6127460417795925,1.629674069656083,0.8929149414235041,1.5248930427964256,0.0066277307020368,7.107491247865514e-09,0.0074319524775576,0.001325594218318,0.5881525757890624,0.0156038828515625,7.016371774056972
0.0030660085683593,0.1946783504473011,1.627610363262724,1.6297877892290538,1.1093766552552682,1.5150715479311794,0.0078020060699322,5.394252999113252e-09,0.0120056290347903,0.0019397170456271,0.5378165651601563,0.0030660085683593,7.698400354068248
0.1215156074423828,0.1415824438397564,1.6131154028726615,1.628723375263173,1.07539064955381,1.4785075040933655,0.0056177798545161,6.645846339027685e-09,0.0029395019230114,0.0006945190289301,0.8701478460185547,0.1215156074423828,6.866713698131528
0.0755143915624999,0.0996520657574602,1.5923037219683336,1.6308265760340004,0.1540653883435612,1.4653065253266406,0.0058972639682935,1.1342392008955556e-08,0.0019894719006233,0.0005060861239637,1.5847311623691407,0.0755143915624999,3.4906789951290667
-0.2870237258095703,0.4001872982676303,1.5440878734615788,1.6283332619344553,0.4387988948875298,1.4527940563544282,0.0146053807489743,6.299174042689122e-09,0.0081763359773476,0.0009203642057394,1.3683211862607425,-0.2870237258095702,4.902595594917971
-0.0514663668242187,0.3871713216900955,1.577984373223861,1.6308265760340004,0.4178561004138135,1.4147283008095428,0.0238783727053413,9.023882450450474e-09,0.0141352681194256,0.0011534728011749,1.3030644343320312,-0.0514663668242187,3.369685011448821
-0.1280010006289062,0.3142848682538882,1.578291765109736,1.6309281832864966,0.293761118528163,1.4455092724171172,0.0181496190903962,1.1828436031311442e-08,0.0094324866167453,0.0009689077965678,1.5859381302714843,-0.1280010006289063,3.789130776851005
0.1595041375996094,0.2846173109197905,1.5729028559871083,1.631401255851765,0.2498044680660297,1.28106027497525,0.0264876095974046,1.3137440172580826e-08,0.0050954223004814,0.0004033708914511,1.9535301967753909,0.1595041375996093,3.409449671289949
0.0842331952861328,0.1654897808114839,1.558793352406812,1.6314012558517648,0.1566784160418594,1.347620244205923,0.0178459471379926,7.651886538601002e-09,0.0042077058498416,0.0003350113888874,1.3457960587529296,0.0842331952861328,7.60736073668124
-0.0450822882226562,0.1633072622149913,1.62398128601358,1.6265702727324125,0.7985876930179423,1.463698400099415,0.0090513801248951,1.2268370946103092e-08,0.0027060875911654,0.0004690234816725,1.1665564781484377,-0.0450822882226562,6.680300375002667
0.050861994524414,0.1504039538256495,1.612371368765556,1.6317228676819742,0.9923672086005492,1.538090729665794,0.0146423386076953,1.1194805245128757e-08,0.0094894779118514,0.0012948672798001,0.7896867134111328,0.050861994524414,9.667449968479442
-0.2258691197089843,0.1045951661455139,1.571893402206077,1.6317228676819746,0.1711021038944741,1.432039667092298,0.0125024197067164,1.2692190319642858e-08,0.0031916255013277,0.0005113093961764,1.2058882150058594,-0.2258691197089844,6.819151322477916
0.121808995868164,0.1037122522491073,1.6030982297943517,1.6262856898170788,0.4600412093446403,1.4916733657436183,0.012575136188701,8.058034737681261e-09,0.0101015309031893,0.0015499929320904,0.8996720771689454,0.121808995868164,5.347508677042239
0.0834833421249999,0.2332347159573995,1.604677329672923,1.6312497951167062,0.8581439536965939,1.535358678481516,0.0120855126287087,1.0554729106495172e-08,0.0159256988383621,0.00222985750434,0.5773049748164063,0.083483342125,5.417281822387147
0.0251166428408203,0.1662995213558985,1.6299453115656648,1.6290282308718815,0.534099910113282,1.4294851381818632,0.0139570978725422,8.4191321588375e-09,0.0116925396197778,0.0013865803038192,0.7676074335107422,0.0251166428408203,4.116815275542306
-0.1198125461328125,0.1141513844535208,1.578399165123178,1.6299790268861705,0.1801797348850121,1.3458272611192177,0.014279084043978,9.902520229463103e-09,0.0051623532895711,0.000523101612016,1.2275504827304689,-0.1198125461328124,7.349304192032834
0.1028402327763671,0.141204025754967,1.6198030956106728,1.629392125989228,0.5838139839348712,1.528697149152619,0.0101222042830395,6.299987289768164e-09,0.0104236817583665,0.0014453465259856,0.7321864251533203,0.1028402327763672,5.727764569064776
-0.0336376703437499,0.2562193356848467,1.6207099103933231,1.6309449395079978,0.584658170730338,1.487658607682775,0.0099922500913788,8.618186047147794e-09,0.0135670071633701,0.0020603632446366,0.6628289972851562,-0.03363767034375,5.055422941044408
-0.0009201621083984,0.3384586250343119,1.6252922922077118,1.6360994685961516,0.8972582997048261,1.506526282656894,0.011320090043277,5.5879916626270626e-09,0.0154304830279845,0.0018798223939476,0.6227248089267579,-0.0009201621083984,6.242572663894983
-0.040965362071289,0.2294623870854045,1.6353236321251643,1.6338839659528792,1.0113558436708816,1.5431806274537156,0.012517402661245,5.853297511640205e-09,0.0172089178457639,0.0019565885530902,0.5440084274423829,-0.040965362071289,5.568733865969972
0.0816500137363281,0.1886409647268618,1.5992122402607771,1.635575264621112,0.3954638245995558,1.4791397747398625,0.0187302712624312,4.7876027014995506e-09,0.0163170573056871,0.0011827696680393,0.7600469852187499,0.0816500137363281,8.348899285110633
-0.1433143145878906,0.1249056029079048,1.5079938671182491,1.6254466697391228,0.1475072094078298,1.3303054471085545,0.0201255960626758,1.1889722022447928e-08,0.0029245203640751,0.0002019007626264,1.7226517852265624,-0.1433143145878906,7.304424303317042
0.1802563583603516,0.119343496580453,1.593720345388527,1.634158631320135,0.5393775256944314,1.4559808725258303,0.0178985392421256,0.0003687168517289,0.0091291974949785,0.002076775935398,1.009021354805664,0.1802563583603516,6.01985327049186
-0.0076159877490234,0.095491526855825,1.5490442122195849,1.6355752646211117,0.1386294562100853,1.3545638167010516,0.0071058751093206,6.734672085491802e-09,0.0019257615663081,0.0003406686650385,1.1930340510341797,-0.0076159877490235,9.442732062547186
0.094132076859375,0.1633545556194277,1.6111964144198063,1.635421853138558,0.9719874624302652,1.4801118982506405,0.0075154920564804,4.9834662002944726e-09,0.0073549445192586,0.0012501304545097,0.5979102881933593,0.094132076859375,8.732418428765639
-0.1272368917441406,0.1519138931030101,1.592496990577408,1.630928183286497,1.0368396651546454,1.5239071038751248,0.0061429219376803,5.154449064226075e-09,0.0037721422926664,0.000904709825766,0.6931333984902344,-0.1272368917441406,10.368669266730402
-0.0032430394707031,0.1677302436788169,1.5779033316385762,1.6312996485992683,0.8210415258206494,1.4655488069274938,0.007641563838543,8.962595607914688e-09,0.0042710273866477,0.0007211191369139,0.8074903992382814,-0.0032430394707031,8.222888165974982
0.0225048308896484,0.1665447081022402,1.6307569550601473,1.6254254981476,0.920187684197028,1.4470964441564242,0.0093843200576256,6.5411829293272205e-09,0.0119877641002827,0.0011878906855745,0.5376254906357423,0.0225048308896484,8.205876097410762
0.042675268758789,0.2336148511815052,1.6222759663504769,1.63453348287201,0.9147569892422064,1.4775350459678092,0.006243166788099,2.8789919238150303e-09,0.0150091180591654,0.0015997998477693,0.4170647093857421,0.042675268758789,6.895620216997322
0.1527187862031249,0.0971597648263559,1.595819409800896,1.6293498427020912,0.9921019917842484,1.516820363256241,0.0083260774473725,5.584605264448445e-09,0.0030164486092258,0.0002044237099338,0.935970755746094,0.152718786203125,8.199373080159127
-0.28933433371875,0.1700940272646442,1.6117306352263152,1.6282197118019224,0.8459099351123556,1.439199736233454,0.0078278945448711,4.29310480268091e-09,0.0084999295969355,0.0007915623592223,0.6259889282597657,-0.28933433371875,7.087044704962657
0.1033623641074218,0.184132201973433,1.631769103187902,1.634375960535399,0.5900937511054488,1.4947779237729513,0.0121346332329032,4.715907358063833e-09,0.0156246878082195,0.0013377755427211,0.5796125705273437,0.1033623641074218,6.730699935856211
-0.1066057452685546,0.1510579879015898,1.6000633294081177,1.633112738716976,0.7525573748296415,1.4329016692500411,0.0093449309793257,7.227905850650995e-09,0.0051972962343353,0.0006570012263035,0.8685049427978515,-0.1066057452685547,6.603977324516061
0.1263146054423828,0.2585277703082008,1.5983476426229473,1.6313599483553438,0.6529164938326163,1.50050376420594,0.0088306691512529,9.825353235073193e-09,0.0091654092859752,0.0017336166977398,0.6466173416806641,0.1263146054423828,7.903878043061351
-0.0386257719423828,0.1315439924928375,1.593406524521237,1.6046697596036357,0.9236708391717776,1.469459803121259,0.0949482560417782,8.797243785950219e-09,0.0350304650179268,0.0022885935983947,0.7942684003701171,-0.0386257719423828,12.834339761974862
0.0509064028798828,0.1845583466917263,1.5949178039351206,1.627313156996674,1.1173745651236326,1.5073300889248489,0.0062174345633088,9.537559811462893e-09,0.0078536810015381,0.0017562287510472,0.5469374928681641,0.0509064028798828,9.645227179401145
-0.041158770196289,0.2433801563622794,1.6203615290051436,1.635421853138558,1.0090269076833072,1.4095430791566033,0.0068074970891075,5.3739356205071135e-09,0.0106790662542906,0.0017481391226535,0.5260750179306641,-0.0411587701962891,8.956702173030571
0.0447695656386718,0.1165749412780997,1.6147423986129152,1.6260121680536894,0.9596134138614536,1.4654768025131033,0.0052562785999314,5.637235997310497e-09,0.0016885069742359,0.0002567613360213,1.013751512236328,0.0447695656386718,9.117913310889904
-0.096471417633789,0.2579992378454071,1.628883920402928,1.626758762382347,0.93940854098946,1.4706740194387329,0.0036162194852315,4.854011711221567e-09,0.0054064405011234,0.0014642127436649,0.5783577417177734,-0.096471417633789,7.988481994598301
0.1026450588193359,0.1797266241035137,1.6213306948362374,1.6283332619344553,0.9599289011341592,1.5268079758340092,0.00791333253948,6.255908129909562e-09,0.0108182625023373,0.0017040932887385,0.5396464403759765,0.1026450588193359,7.265971083835316
-0.0723041581464843,0.2068654318936987,1.635281020695235,1.629101834282142,1.067492379954305,1.4773517473108724,0.0085148986656343,8.646866468749255e-09,0.0088830210059842,0.0019264548226961,0.5791594767402344,-0.0723041581464843,8.577740897393118
0.0636068359013672,0.1523425491492694,1.6258568223468808,1.633112738716976,0.9969900951208904,1.491414154535883,0.0069956625880736,1.2963591299431049e-08,0.0053941824196344,0.0017918644103561,0.6709725423134765,0.0636068359013672,8.508011689166787
-0.0664208742216796,0.1458218890165794,1.6317787827660892,1.634785115367957,1.1694682254354545,1.560020854919362,0.0055571148163859,1.2605984915039878e-08,0.0035225242188433,0.0014791506772226,0.6636281382548828,-0.0664208742216796,9.595817080433411
0.0388971248046875,0.1682096886695555,1.6141169524181178,1.6300364267808456,1.1294517370511894,1.4809956926077943,0.0089036369409958,7.183373747630761e-09,0.0047261736985487,0.0012036752201215,0.8048349855976562,0.0388971248046875,8.830650519996812
0.0369795425693359,0.1559687036634543,1.6185256223665083,1.6296861819765571,0.9740495660263476,1.436800816701139,0.005654190528834,7.503875370170777e-09,0.0039567380470536,0.0013905433637498,0.7239404768916016,0.0369795425693359,9.2669505811415
-0.2046207622617187,0.148876386723755,1.5875406338899405,1.6360994685961516,0.1690194941008683,1.429289126656057,0.0155362840378549,4.976901302821675e-09,0.0151983897264158,0.0011254735068711,0.8183158436894531,-0.2046207622617187,10.295485248938297
0.1209752447197265,0.0823199490775028,1.5914994119392183,1.6316447738969289,0.1394222557471972,1.4126379533236957,0.0090787890490772,6.324413478801694e-09,0.0054876503262514,0.0006469323166689,1.1259847067197266,0.1209752447197266,6.922599085473614
0.1211947622167968,0.108263824942852,1.5968134506177278,1.598194284566261,0.7916883809457167,1.4439213817311034,0.041023428755518,8.08839637847048e-09,0.0117439656373688,0.0005335073338019,1.050588755982422,0.1211947622167968,10.238366658228117
-0.1301976311044921,0.1525846696233868,1.5861459677310965,1.6299790268861705,0.789208393069493,1.4231475886759597,0.0152538468511407,1.1515642648526265e-08,0.0089541389984421,0.0010371578010616,0.8804478486533204,-0.1301976311044921,7.003284649809916
0.0089808424628906,0.1539177725719913,1.6047670741108726,1.635575264621112,0.8158146895758038,1.5030063726705294,0.0149199595146849,8.244431228747872e-09,0.0099198162300186,0.0014523783271413,0.8391814332519529,0.0089808424628906,8.825901264603079
0.1178583729423828,0.1403754213864769,1.60958307337323,1.636209970377048,0.6114191562947565,1.5194089865018434,0.0132428119617464,1.3614749798841737e-08,0.0082414801016228,0.0014212848711847,0.8549269496005859,0.1178583729423828,9.01956759215316
-0.0151150063476562,0.1477365609208191,1.5529393650945795,1.606785113317469,0.7482540110308299,1.4416642359076706,0.0483391806150013,1.0069312689591712e-08,0.0348343688655987,0.0014957135919345,0.7964468561484375,-0.0151150063476562,6.64268603522122
-0.0033253267060546,0.1501228509776173,1.5311822789418004,1.6298331784246332,0.9958370384454156,1.4118094171394824,0.0078369033379718,8.715338929054131e-09,0.0048278300642455,0.0009260177337025,0.8494963795712891,-0.0033253267060546,5.943086522316095
-0.0293561398583984,0.1330017429682228,1.5811340399445646,1.6314571709358794,1.062727002955663,1.5104819794380706,0.00983643999442,7.931595923863801e-09,0.0090140764964726,0.0010000299331823,0.6705016728701172,-0.0293561398583984,7.426499194833434
-0.1005345201865234,0.2107287987520654,1.5854440859506147,1.6258939534935932,1.0081174545605691,1.4879350551024415,0.0073101188439141,4.0973294643402465e-09,0.0102007857023347,0.0013796320739483,0.5904497027529296,-0.1005345201865234,5.874676353682904
0.0809920152705078,0.1471748644640514,1.5441088400779808,1.6351021920558435,0.8944824382661926,1.4469826033462363,0.0099946380412716,4.58594525621032e-09,0.0104789378537717,0.0013876665550053,0.625192845149414,0.0809920152705078,6.485625966229465
-0.0877635601953124,0.1206402208700218,1.526036700686534,1.6218380166149051,0.7724489514438292,1.4608699543363022,0.0349585388088887,6.489716485202162e-09,0.014441561381021,0.0005838543912356,1.074556000183594,-0.0877635601953125,6.961235160944985
-0.0099784470126953,0.2165050694893412,1.5568224543807945,1.6312996485992683,0.7418793417712102,1.4288193157562656,0.0095052147421558,1.1576149856959828e-08,0.0059103947762839,0.0010888373982885,0.8706272849736327,-0.0099784470126953,6.025325771617625
-0.0972412297929688,0.0989607302094495,1.3571184621370629,1.6357327869577227,0.1653924946935067,1.2331904874102029,0.0112457716864592,1.0040946997976321e-08,0.0014943038300599,0.0001293215761113,2.5806239797910155,-0.0972412297929687,3.2888846893336243
0.1369930681914062,0.1177635045971158,1.5279617448622056,1.6327545770583891,0.3656585213834231,1.4466967326486062,0.012558069202742,9.234191681746544e-09,0.011109026951787,0.0011624770771523,0.8951006962929687,0.1369930681914062,6.618086540529433
0.2697093264384766,0.1353316875118457,1.536662921965523,1.6317787827660892,0.8943372216582827,1.4734120873838874,0.013406575771049,4.577447758683745e-09,0.0083617566173253,0.0005427111761739,0.8357163035751953,0.2697093264384765,6.883806415480616
-0.4525996357431641,0.1181004284865688,1.554395620385859,1.629482933620345,0.5928730096919052,1.490251380391446,0.0141246623712909,3.0442945680220564e-09,0.0036023869896897,0.000169591866479,1.2146204036572266,-0.4525996357431641,5.195353272910516
0.0789186281152344,0.113772087082614,1.467863653946956,1.6217243770127256,0.3219267432919542,1.4236429482447197,0.0444271087605982,5.704723716947385e-09,0.0090814377049831,0.0001565790836525,1.6268293396230469,0.0789186281152344,4.983714280968537
0.1064579339628905,0.167886892236389,1.4445498292670704,1.6313599483553445,0.6886977850104035,1.4557978224056658,0.0205250047260502,2.483458216142742e-09,0.0098737699186754,0.000334975970092,1.0972131512265624,0.1064579339628906,5.731247174973936
0.1205852200136718,0.2260043041225469,1.453120032694005,1.6278150989962683,0.9805431709042108,1.4706094628617503,0.0116866573450527,1.787503516109266e-09,0.0164265605116005,0.0007994213831173,0.6810838065019531,0.1205852200136718,5.47532365172133
-0.0852669981298828,0.1780915081860782,1.5454262898653068,1.627313156996674,0.401448564019671,1.3947679385619898,0.0279478068813677,6.133303734895867e-09,0.0120228595505806,0.0004731213481402,1.0912544984541015,-0.0852669981298827,5.679311765793367
0.0260768252499999,0.1575571114958703,1.5599739846708665,1.6292131094112894,0.6449837791813223,1.372525509232532,0.0112057503186598,1.3429588948427072e-08,0.0081413412407337,0.0015619182064346,0.8272666193730469,0.02607682525,4.646306644743883
0.0187595574482421,0.2025859075824693,1.6104443992661388,1.6257774842307788,0.7418872708704249,1.4069603280260046,0.0213504297497753,7.33153092327044e-09,0.0264878912334005,0.0019551044252217,0.6066802717138671,0.0187595574482421,6.551811638850885
-0.0456247133417968,0.0854964869280844,1.5677800955573118,1.6317228676819746,0.1473411892214387,1.36896407795601,0.0210209500868965,9.424815402221364e-09,0.0048897343117185,0.0003699080794071,1.3267306278222657,-0.0456247133417968,7.674228354394954
-0.1380091063535156,0.1172103216550868,1.6016759361227912,1.63114818786421,0.661192621083287,1.4091792555087006,0.0188788170170172,8.881834695174248e-09,0.0115326625794384,0.0010698111527294,0.9042424178457033,-0.1380091063535156,5.998948370227985
0.2234247113447265,0.1303494013582698,1.6155261652932444,1.631253922579667,0.9761685180498454,1.5026614598850834,0.0212504561021571,1.3800563326051643e-08,0.0199930662329142,0.0022648353972452,0.6533949396044922,0.2234247113447265,6.447314904982566
-0.14365641659375,0.0895129823562411,1.6360524480404373,1.6357839183674945,0.9003850886184345,1.515296714233806,0.0181692274788763,1.714529126110788e-08,0.0127421129545584,0.0021347348037566,0.7477772963574219,-0.14365641659375,5.954242418580491
0.096037188774414,0.1238149165099285,1.6312497951167064,1.62638035414597,0.8703689812885155,1.5218452087339882,0.02659563243263,1.8693247421423826e-08,0.0153629867235333,0.0017551353077995,0.7919425898154296,0.096037188774414,7.832909635244404
-0.0879453402705078,0.133261097834938,1.600886646666983,1.62818558297629,0.535419371187187,1.4494122290209257,0.064052057163372,1.6600962552961444e-08,0.0149119854670934,0.000748938821591,1.3858886462607425,-0.0879453402705078,6.603616417362717
-0.0322502752246093,0.1011208645992192,1.5973261837743236,1.628926623619385,0.5481012677256062,1.4915830071637624,0.0203213265137516,1.566422377383928e-08,0.0099666307341895,0.0013904365932163,0.9054813537070312,-0.0322502752246093,7.467695419977304
0.2840850714472656,0.164692121624079,1.616333368697334,1.6318803900185852,0.6419957402048335,1.461345501196046,0.0182689885222045,1.1143217383843868e-08,0.0175856410881841,0.0018378576188915,0.7479108913867188,0.2840850714472656,6.324643044967221
-0.2210295170419922,0.1011763069531483,1.5979353137926111,1.63494878057329,0.7079534919137787,1.4972008749810923,0.014706996459729,9.737705999695392e-09,0.0076388973004972,0.0007171531789821,0.9944394780205078,-0.2210295170419922,6.319656245534587
-0.0339710614570312,0.1347874899378846,1.591537273715029,1.625138798621848,1.0311923628456174,1.4531120595738811,0.02414058991096,6.451598949644277e-09,0.0305898200601864,0.0017721252676407,0.6558290569335937,-0.0339710614570312,5.779304392055527
0.0558768841308593,0.1224453898405863,1.58747219199257,1.6309281832864968,0.3169037234505774,1.457283098509543,0.013189219534609,7.716690921175023e-09,0.0051092453758763,0.0007195358990663,1.0164674887617189,0.0558768841308593,6.061362151918328
0.1944022374921875,0.1331182849555005,1.6257619278219426,1.6292131094112894,1.1614428674605248,1.5067953943318133,0.0237113519018643,1.126141965122197e-08,0.0138844505621874,0.0014277606380363,0.801017523123047,0.1944022374921875,8.217408634974829
-0.2131020467812499,0.104587628090369,1.616663846010331,1.6355752646211117,0.6736558373129717,1.4077262490370672,0.023445060858758,2.072035597048629e-08,0.0088055918236639,0.0009680221497151,0.985144527576172,-0.2131020467812499,8.124128588433095
0.1091879432353515,0.2396174145123082,1.6076456640130274,1.6308931323940548,0.8136942851034801,1.4915965023069369,0.0152327416055731,1.2813570606554596e-08,0.0125089171163612,0.0021025598706141,0.7617502405322266,0.1091879432353515,5.186885527823382
-0.0688697299541016,0.1571561543173317,1.6220772301397044,1.6107920710921002,1.166931532645587,1.4677983065543427,0.0360703624856012,1.4419030922170773e-08,0.0268833668749262,0.0021181314624976,0.7158548308095704,-0.0688697299541015,7.394947801114681
0.1071587931796875,0.1385713811309478,1.6141292971602377,1.6304520994514389,0.8639499679816995,1.4100346733955522,0.0137165498117243,9.939082397558256e-09,0.0114106155266364,0.0015789204561236,0.6692034878124999,0.1071587931796875,7.693503017093701
-0.12821177859375,0.1435723953807796,1.6197021800524127,1.633521893549534,0.9949116864900822,1.4645727146091108,0.0074890309396781,3.933271791655859e-09,0.0063661299718611,0.0011090343310013,0.6747990140546875,-0.12821177859375,8.961304999906567
0.1350557066425781,0.1563064071814837,1.6162120111429694,1.6364145132693737,1.084305893016872,1.5262508333381342,0.0145051292538005,7.684817280471535e-09,0.0177568622122029,0.0016889261686405,0.63624638515625,0.1350557066425781,5.269136535906938
-0.0669697634794921,0.0824244606502834,1.5442811651964188,1.6307914430129684,0.1440897465997859,1.3464798350972322,0.0168308697591802,8.038472601619088e-09,0.0043709330513433,0.0005303192591777,1.3541165587958983,-0.0669697634794921,6.6791000120126025
-0.0525336775625,0.1423291520077003,1.6241138376708215,1.628883920402928,0.8512271385270932,1.4593307828700517,0.0137998412730275,1.3480007043031682e-08,0.0115468780107163,0.0021165577466014,0.7181836006484374,-0.0525336775625,7.134476055764487
0.0516346749609374,0.1564782997763154,1.6326048168215508,1.6356391823538217,1.036179348094891,1.498283414688692,0.0202779324133021,1.7055990271248882e-08,0.012951045515029,0.0021415106602607,0.7266133772871093,0.0516346749609374,7.844958160428111
-0.1126017128388671,0.1515144566145534,1.6138318988392286,1.6343120428026887,1.1670351971872233,1.497507244370779,0.0188894313525778,1.793514403202447e-08,0.0128966423475656,0.0022774167159246,0.7579618882138672,-0.1126017128388672,5.385647713797906
0.0675650086230468,0.1519222204667673,1.5958688195572648,1.631621260429478,0.8212207634570049,1.523587592126124,0.0222788314913782,1.5123575441726313e-08,0.0175286688655934,0.0021647001971964,0.7750907875097656,0.0675650086230468,5.507373378083391
0.0148686237265624,0.1709465903026338,1.586434077127291,1.6315587781883756,0.7020151074296053,1.5197669733742885,0.0188158642977239,1.2509755762806898e-08,0.0162196008028709,0.0017932548103805,0.8042163095800783,0.0148686237265624,5.064664973705976
-0.1074185267294921,0.19948936041632,1.617799052719916,1.6353236321251647,0.357926923334141,1.4390342863449237,0.0201197468802307,7.428783297330227e-09,0.0195165499334034,0.0016202712967063,0.6886133896005859,-0.1074185267294921,5.4536429318560256
0.3089030612255859,0.1812878544438038,1.6102891027701662,1.6364145132693737,1.0429357224690443,1.4801189578204224,0.0224537160332052,7.740737758419459e-09,0.0224590269883394,0.0017353347691972,0.6543248381552734,0.308903061225586,10.573553652769643
-0.251603100727539,0.1012471946588927,1.6049158891778617,1.6280173660197308,1.0406009963116436,1.4746166993135144,0.020969985083343,1.3270872877503191e-08,0.0095203298647625,0.0010739148433378,0.9040878547314456,-0.2516031007275391,8.481397890189992
-0.0611390788583984,0.1139648803194109,1.6273068934099684,1.6317228676819746,0.9265894840747296,1.520053420010332,0.0269399992803484,2.0500045923773225e-08,0.0175407067656686,0.002138308301012,0.776086193491211,-0.0611390788583984,7.80971269898992
0.0171857251210937,0.1025399934563759,1.6245868804547037,1.6360994685961516,0.8003551011400121,1.550090714526636,0.015610997399423,1.7005619127301413e-08,0.0104250743221268,0.0022839238456816,0.7562959992480468,0.0171857251210937,6.3241242826420985
-0.0096173215898437,0.1297968970187512,1.622104738124127,1.636052448040437,0.8176642483976728,1.4691775608564055,0.0131252343261276,1.5678937016869734e-08,0.0100743650661511,0.0023827576186633,0.7398538635097656,-0.0096173215898437,7.187963463488686
0.1883308682880859,0.1156033102071903,1.612721613569844,1.6317787827660892,0.86843471069652,1.477124590283197,0.0311235663838948,1.4869229699779832e-08,0.0278287560900027,0.0020465934716628,0.7047701793056641,0.1883308682880859,6.407872654763063
-0.0398790328164062,0.1219675380982177,1.6014169752186351,1.63604833718638,0.8820556356171485,1.483914566905738,0.0188235793037426,7.688805260943333e-09,0.015080469113822,0.0013300819733667,0.7090847690820312,-0.0398790328164062,7.095485286220383
-0.1422823810234375,0.1135304892049899,1.5971070319431857,1.6356263960308834,0.8831551702780562,1.473699149116623,0.0298399914950399,7.788385712640303e-09,0.0252162023792013,0.0015088915946233,0.7091575311953124,-0.1422823810234375,6.639896093289042
0.083041582774414,0.1099491189529657,1.5981178967953364,1.6317228676819746,0.8214990561970731,1.46199294962739,0.0169739728731013,1.1040659683530872e-08,0.0160357717492976,0.0022005010026508,0.7313314402763672,0.083041582774414,5.573133501961049
-0.257435716375,0.1425682401739749,1.6057836434806,1.6293147166637856,0.993760993550149,1.5054839382136975,0.0188641063773558,1.42848749312564e-08,0.0098820202271213,0.0014877472900812,0.8983360666738281,-0.2574357163749999,7.001221454776919
0.295819704694336,0.1600079718280006,1.5618566766427706,1.626216709232072,0.7807164376198321,1.4553353664366646,0.0246981485008699,1.1155656458425974e-08,0.0128378700811173,0.0014029065414921,0.932952785866211,0.2958197046943359,6.7601730122658665
-0.1524274276533203,0.1297524808172462,1.573683093818984,1.634631703885403,1.0466169935497294,1.4965763336828766,0.0215062771703804,1.2539220386286292e-08,0.0181268955658417,0.0019818030684643,0.7312371318154297,-0.1524274276533203,6.0619633019333
0.1645086427197265,0.1031107114727929,1.5898490270404972,1.625777484230779,1.050230760341727,1.4980977374037177,0.0166226903932996,1.03803814952297e-08,0.011504861675746,0.00117469186833,0.8501880307021483,0.1645086427197265,5.6683867747800765
-0.2851515166611328,0.0901649489954433,1.575239535403411,1.6274262122191605,0.9766338617816236,1.483899149604183,0.0126584425375244,4.890774784232898e-09,0.0074125358696792,0.0007744319898143,0.9411989706416016,-0.2851515166611328,4.982007911358516
0.4341696807705078,0.1092888320275972,1.6164828952938008,1.6322421757531702,1.092109711180543,1.482936618645138,0.0188010863834969,9.398734087567548e-09,0.0088843139277677,0.0008411750228412,0.9302809666181642,0.4341696807705078,8.226836104113689
-0.3061657493134765,0.1187641992469207,1.5562875055438607,1.6307569550601473,0.8980177981974223,1.5124662747971314,0.0253773160256332,1.2892886975984328e-08,0.0127573708249795,0.0012833698743477,1.0142374088193358,-0.3061657493134765,6.266275108722864
0.2641394882919922,0.1248745843024581,1.616084104420843,1.6314571709358794,0.801379674332344,1.4847772221491795,0.0084472633980205,1.9137294771101763e-08,0.0056901974581508,0.002018557954557,0.8551404631728514,0.2641394882919922,5.147640998467357
-0.491876813517578,0.1037312822007331,1.512223124999953,1.6201247074408824,0.1922219856872559,1.3839912393119178,0.0654017938329936,1.449110074596452e-08,0.0077790873350371,0.0003027684514833,2.0548989813613283,-0.491876813517578,4.74740736418469
0.8917867059765624,0.1845349672706096,1.5639380022885256,1.5702026060968437,0.2321677587539514,1.4226088393459413,0.0361872725155329,0.0019160191492337,0.0084488426942671,0.0025089299006085,1.7327483086953124,0.8917867059765626,5.336103994811898
-0.0588632497773437,0.2825215582665336,1.5986960227733198,1.5056448534143374,1.145541720890093,1.5092201140160155,0.0105000770584883,6.036206999816152e-10,0.0424944388051646,0.0006792887997394,0.3546340427871094,-0.0588632497773437,7.824711657162822
0.0112505130146484,0.2044165483748073,1.5909551192204412,1.5073682036975686,1.1783887910958308,1.525029472316999,0.0076247888648199,1.1264814668298594e-09,0.0194426306576059,0.0003558922652563,0.4441798668525391,0.0112505130146484,9.301159070174926
0.1140929834492187,0.2641872988961944,1.6037322783183787,1.4632704775047882,0.8640010015784586,1.4917705438134834,0.0102419274671422,2.718003654805113e-10,0.0362904187061916,0.0002567077960017,0.3870091410234375,0.1140929834492187,5.355788163590974
-0.061245292930664,0.0856097977661319,1.4698453165996537,1.3826944655238014,0.221330904121326,1.392509307814177,0.0225181111567309,2.382289538127294e-09,0.0047617160963159,1.8879970483296464e-05,1.3310559926689454,-0.061245292930664,7.508384383491186
-0.0816403899921874,0.2073977774209887,1.6098338276759132,1.4914314119165255,1.290527456027882,1.5360477064146667,0.0107791312593828,5.414711501043321e-10,0.0414508268083113,0.0005040018858805,0.3358094812011719,-0.0816403899921874,9.456663133458266
0.0761737194423828,0.2307513567473178,1.5887132188410988,1.5906173365939305,1.0675027350834596,1.5213925736044025,0.0070843149221969,1.6810155633133263e-09,0.0144401810079814,0.0004308435506842,0.4444053179677734,0.0761737194423828,10.238391848253636
-0.016840831524414,0.4017606379322754,1.6017541738067655,1.5865306968788335,1.1686706030292788,1.527963054383725,0.0075620992380227,1.7776899045053352e-09,0.0413832222486109,0.0016841631564306,0.2970353721572265,-0.016840831524414,5.105126961000796
-0.0109902132412109,0.1305093786449621,1.5647976447692835,1.5824713018560208,1.008062403470085,1.5283659840711843,0.0116527213728884,6.175705016040304e-09,0.0042770939458188,0.0001267971802805,0.7652181102646485,-0.0109902132412109,20.184529463712256
0.0268684312675781,0.3206696511885394,1.5598198716774836,1.5981503701830362,1.3062516534463542,1.5702969113227874,0.0094977937226823,2.943965395952464e-09,0.022685365063726,0.0008448387154573,0.4162734945351562,0.0268684312675781,8.67174577479089
0.0008828794843749,0.4048569770192908,1.575537012922867,1.5372057024575918,1.0866091438067538,1.577233614799893,0.0121206712008718,1.1186488019719743e-09,0.0432020745948705,0.0009264490707633,0.4149253012871093,0.000882879484375,5.892040799181808
-0.0226749270966796,0.3725275775247085,1.6071127404629493,1.597618688581441,1.371069153522825,1.5467075100855,0.0065581178936575,1.0381444734802056e-09,0.0395045806241876,0.0015170172065304,0.2962001647333984,-0.0226749270966796,5.415229971149056
-0.0004038961103515,0.2890459405233909,1.601851993957102,1.4589282162887505,1.1909186855934784,1.5931988723578892,0.007145703472396,2.01035615534262e-10,0.0529601583281483,0.0008184383809272,0.2960689069267578,-0.0004038961103515,4.671744098303672
0.1020606467978515,0.1019958877017547,1.6198030956106728,1.423892406380414,1.2870394030245491,1.5511560974725571,0.0170561051520372,2.1930472275160513e-09,0.0040634403510006,2.061911070420545e-05,0.9369787383857422,0.1020606467978515,18.58680459234862
-0.0287462764091796,0.2566126011383282,1.6029488956438065,1.4660124889050774,1.320760319740818,1.5124771554816694,0.0110498925894316,2.239748618306373e-10,0.0512611404203015,0.0001975474017944,0.3959371411845703,-0.0287462764091797,17.601046174836533
-0.0229077661474609,0.1487185344838891,1.545136422249819,1.467407655919199,0.1639046510163204,1.4144501723830256,0.0104156401004223,2.5537624973197153e-09,0.0035556663842905,3.605039038635784e-05,0.9527711301708984,-0.0229077661474608,9.18194781031712
-0.1189438578232422,0.1746456596837904,1.5424098241842037,1.5549904095952656,0.19698067669656,1.434073620937195,0.0088087245482837,8.80665479092859e-10,0.006236363983316,0.000134031019299,0.7001004999853515,-0.1189438578232421,9.762524280335672
0.1125665644511718,0.2299760584557723,1.5742650235618856,1.6203132151803554,0.5398999247710055,1.494937737504154,0.0059741471039541,1.603723974489135e-09,0.0205919029611081,0.0008073631178146,0.4467477782851562,0.1125665644511718,6.583349261556852
-0.0489468948789062,0.2317980159125278,1.5478149665298315,1.5801817064136578,0.8739074567869475,1.5215331037868247,0.0085450493006974,1.96788814804202e-09,0.0161859068707049,0.0005642422323696,0.4432425063496094,-0.0489468948789062,11.738985992945524
0.0002228791552734,0.4152955345061072,1.6180893162715788,1.5764891600384103,1.1930744718136048,1.4983382544041497,0.0080955422552387,1.913370611062896e-09,0.044781267247928,0.0014926836875264,0.2970689521142577,0.0002228791552734,5.488274751585608
0.0366642786689453,0.3590393257587123,1.6027251039639328,1.6101471215083576,1.3329144723393866,1.5223742061598444,0.0061406536076586,1.539416039507026e-09,0.0401277704650325,0.0019855772949947,0.2777459126572266,0.0366642786689453,4.877890364635919
-0.0370983330751953,0.3862041120506475,1.595819409800896,1.5820181808417366,1.5900511986339103,1.5933558485531032,0.0080808453162393,7.37486049018192e-10,0.058320532494354,0.0016850063465773,0.2678186759814453,-0.0370983330751953,5.125411748627716
-0.0164180811738281,0.194381232340226,1.5693757719618393,1.4777392665371347,0.719562870499711,1.5499401493760188,0.01201463478509,1.073970009598458e-09,0.0264078094582739,0.0002343656853404,0.4335093506816406,-0.0164180811738281,8.389500956901038
0.0363967987441406,0.337594604343961,1.6107415828866,1.4703748645914638,1.1732231524592844,1.5493766528186568,0.0080456101360805,1.8883059770280908e-10,0.0754641512956693,0.0007208764923639,0.2464117589199218,0.0363967987441406,4.139678402448143
0.0076756784296875,0.3254273159733833,1.617320775560489,1.4318593248068443,0.8790008036286822,1.4812199782212443,0.0115675048267493,3.315169879455345e-10,0.0592913862156519,0.0003219561290107,0.2971914188886718,0.0076756784296874,6.1118443370411
-0.043859654171875,0.215566627555227,1.5923288576354202,1.532231853260432,0.9712575679353164,1.5711411402079811,0.0104019064951552,5.230661117642334e-10,0.0269329036801409,0.0001979862814044,0.3705194261386719,-0.043859654171875,11.909151077184491
0.0766164673925781,0.2971569116129955,1.6209804500319491,1.5922012937197,1.0009126214664037,1.51411747664777,0.006015532656178,9.274928141877428e-10,0.0283121622996541,0.0007561292875816,0.3539663279882813,0.0766164673925781,3.795615021517382
0.2354958535263671,0.1203615154717598,1.513089429896565,1.5617584022509612,0.6491133540509784,1.476774110216854,0.0164132240726975,2.9234705335581262e-09,0.0029260072547712,4.4595224376132815e-05,1.1871909585791014,0.2354958535263672,14.251345479820577
-0.3968025563740235,0.2143179036029106,1.5490796675314231,1.5661578155651648,1.072401110705444,1.5350578426696302,0.0085788002048165,2.3385893749678406e-09,0.0032934483649079,0.0001117471148203,1.2118392804970703,-0.3968025563740234,5.082696023487105
-0.2841779501972656,0.0406005130876031,1.4624790340217633,1.4143512851318023,0.3041737740570639,1.4915965023069369,0.4354635900383274,7.210875794000984e-08,0.0080144855568708,3.578291832206393e-05,4.377955061185547,-0.2841779501972655,10.545795214751577
0.4721392181855468,0.1367983017698709,1.6105939382253809,1.5561428670757578,1.2109338142989712,1.5235890673708543,0.0848858935094811,1.5400814694914923e-08,0.0272730548800131,0.0008213831685715,1.077758509859375,0.4721392181855469,9.143122266647872
-0.1536482032138672,0.1250079959519105,1.5458883040017422,1.5384226883929433,0.7537718023763802,1.517355216622867,0.1122366812948934,9.308116559526281e-09,0.0511438728398324,0.0005985494846376,0.8469959300263672,-0.1536482032138671,7.972569923017315
0.0985418604990234,0.154542965860615,1.591921753694453,1.4864487282219383,1.2811722529015055,1.543815117406881,0.1071782830849919,6.939605817293416e-09,0.0877793962197787,0.0007465553200122,0.6011624892685546,0.0985418604990234,10.988936093780646
-0.0506974777499999,0.1797952635642939,1.5817694200755394,1.4680893286156935,0.8691658470237842,1.435201265385481,0.0568456067309952,2.240637560003733e-09,0.0475111384343776,0.0001874105778746,0.6248667904042968,-0.0506974777499999,12.637055434652826
0.0975417226347656,0.1256091732914629,1.588557323092333,1.4595300871847865,0.7007670289383502,1.430758910117948,0.0823180835391061,2.5830214416846003e-09,0.0392793188359439,0.0001943845861146,0.7668808879042969,0.0975417226347656,10.72095419003598
-0.1463626594785156,0.1391332940035543,1.5822794683706582,1.537879291532089,0.8541069241443711,1.4766273645405996,0.0837124910633537,5.223194600351407e-09,0.0630673574443098,0.0005427073151929,0.6853080037695312,-0.1463626594785156,8.343562350705861
0.2200081629013672,0.1353319084308422,1.5699391803349445,1.5777820981230843,0.9391166821360007,1.4687269029577417,0.0411888713967056,1.0503269150864091e-08,0.0241557772054924,0.0006526016324108,0.7426202897119141,0.2200081629013671,9.554343137440206
-0.4066675625449219,0.0985679160241345,1.582821546660309,1.606785113317469,0.7649268629540761,1.519811713063048,0.0579152663195622,1.0714854520419892e-08,0.0212290772156018,0.0005687918060128,1.0484604149472656,-0.4066675625449218,8.950662424110634
0.41332509184375,0.0580179485839494,1.5273712676921516,1.5899154548134489,0.1878007081826894,1.4641469718506108,0.0936449202007771,7.272974321818745e-09,0.0132722172424903,0.0001862960512397,1.7265164208535158,0.4133250918437499,6.137200358426002
-0.3720032854179688,0.1623725725654801,1.418088973666376,1.5814484014014605,0.3724623017063928,1.4768185698691458,0.0335982152792081,6.972753427065781e-09,0.0105606855159076,0.0002908136018809,1.0583477250410156,-0.3720032854179688,6.619885159868886
0.291923401125,0.2088071935996996,1.5877217332828235,1.6015783548073437,0.5987589847133308,1.5161379624968396,0.0186092946036297,2.8423254045407482e-09,0.0461733891594556,0.0012186049189857,0.5433381608808594,0.291923401125,5.730634385864427
-0.1117848187089844,0.1877475701824151,1.5458335564713974,1.489283838380656,0.639917027151247,1.4693966357079595,0.0162036100946607,1.5702432116132166e-09,0.0254587020534359,0.0004092433037586,0.4974664167070313,-0.1117848187089843,7.172823244437054
0.0134027682441406,0.1713165896698381,1.5633557743949902,1.4829900783864636,0.740715597479055,1.4460088162490567,0.0164278712169515,6.486443359541561e-10,0.0236697427751581,0.0002448513865754,0.5418919345175781,0.0134027682441406,6.261636762365056
0.062450265540039,0.1642851488636378,1.5991250711497824,1.4815070399539798,0.7944127850398645,1.496445086582876,0.0132767407119097,4.537160502045349e-10,0.0479282269936091,0.0003066528127791,0.3801673258486328,0.062450265540039,4.680664663358228
0.0121487418486328,0.121270013198382,1.536831846382731,1.4988662587552135,0.1641747341264671,1.4456644073085834,0.0065951636361321,2.473223746026638e-09,0.002654397804611,6.99771442346769e-05,0.832003340788086,0.0121487418486327,12.661733128088382
-0.0429821738037109,0.1186232355236287,1.5248250839788655,1.5768631558931967,0.3001502035247149,1.456495442209585,0.0128426235782406,3.710237314652665e-09,0.006374527468215,0.0001414461506527,0.935287688475586,-0.0429821738037108,8.08527249605205
0.0197627031845703,0.2905453262439257,1.5511572230466657,1.5357958925366806,0.8763957055722991,1.4950441073657237,0.0166927875058716,2.758205178882316e-09,0.0302795769339155,0.0007469532807925,0.4997960558369141,0.0197627031845703,7.14286026750209
-0.1303235457304687,0.3395402819804129,1.5488515883071332,1.5834501783957282,0.8273885483651604,1.5034467249139642,0.0115682737830747,3.4516454927165047e-09,0.0162409377216728,0.000529541483193,0.6129436787949218,-0.1303235457304687,6.12068623579608
0.1187152045390624,0.0738058231164116,1.566903818643183,1.4226806750947685,0.5042424340863618,1.527869408860591,0.4000884643507312,2.0186322857165512e-08,0.0189350106153534,0.0002509301858133,2.3861289077949217,0.1187152045390624,17.203528868826343
0.1286042381074218,0.2629894598614093,1.567531787754602,1.4770433231005728,1.1539361297967712,1.5330411568524562,0.0082844593271303,2.7305846434694286e-09,0.0077897638322415,0.0002623315525325,0.8382419173730469,0.1286042381074219,8.278678591787454
-0.1710817011005859,0.248459175413171,1.5654392348005004,1.474636806441144,0.9790122505650362,1.523587592126124,0.0160518392798064,5.76454828831706e-10,0.0339532964295008,0.0003407549053931,0.4533543135302735,-0.1710817011005859,33.11187691183601
0.0790341573173828,0.2866334465628786,1.5551034149187164,1.4416455083160038,0.580822498478008,1.4437487926993628,0.0086203888285462,1.7474889318073823e-10,0.0328380431451175,0.0001829827845481,0.3575809668779297,0.0790341573173828,7.367351126763137
-0.0846952781347656,0.1536831972125788,1.438784351386531,1.4527746060214235,0.1892863943327354,1.4301082127012996,0.0101889846797963,1.451567674605915e-09,0.0034065568110455,2.854063874889333e-05,1.0966962994101563,-0.0846952781347655,8.332878506401139
0.0392885632910156,0.2421367896548309,1.5630761315491426,1.5152745248284107,0.8555345224530827,1.5032949059022866,0.0116743573364737,8.66251178104625e-10,0.0322182149587485,0.0004228511145738,0.4205342329804687,0.0392885632910156,7.994741877997916
0.0105397052382812,0.3049384417040726,1.5415326691969191,1.5546752826144028,0.8658301085161312,1.477742700990783,0.0121124751652749,1.7408113902258802e-09,0.0518651517696012,0.0009921888835492,0.3166245120976562,0.0105397052382812,6.290969211670467
0.0224173204179687,0.3249456915208067,1.5675235347689902,1.5817318074055122,1.0282144292436812,1.450157488459112,0.0040732755258702,2.1730958081626962e-09,0.0175694541908883,0.0012558085943651,0.3453694990136718,0.0224173204179687,5.900281231941402
-0.0827544117529296,0.2164798112846503,1.5921753787471984,1.578834224707854,1.1609161720042644,1.5335657017496884,0.0063610777016376,1.7491095014259436e-09,0.0237040962122065,0.0010165810798762,0.3869065895224609,-0.0827544117529297,6.482267159195127
0.0801196079833984,0.0424787839518384,1.543476897398612,1.57953740562204,1.0028248307038368,1.5708744627313418,0.1476717289974648,1.4573006890250564e-08,0.0091054951136887,9.336500998576745e-05,1.6335547666884769,0.0801196079833985,22.95352606443932
-0.0347375289755859,0.1508145497324076,1.5410295479904776,1.5266945651503063,1.1131579996704883,1.551473307663938,0.0120960952262708,1.2914213661646894e-09,0.0462715039495617,0.0007035694444733,0.3953245348486328,-0.0347375289755859,7.83812504896096
-0.0464865832373046,0.1925445348997446,1.5378175297923975,1.5054839382136975,0.785766198616049,1.4855940394969245,0.0085238362159019,3.1190128810839504e-10,0.0164152102498038,0.0002104446918915,0.4780183559248047,-0.0464865832373046,6.317706817657523
0.0419701227197265,0.2515490027548658,1.5700925808266606,1.5544343400497476,0.8708740459755895,1.4353332002122905,0.0116391303981775,5.936306322954482e-10,0.0482403132158606,0.0005037147939174,0.3470952892724609,0.0419701227197265,9.831854348382812
-0.0139678330449218,0.2153668045324148,1.5407368776064554,1.5396827180845991,0.8322878119489785,1.5070674725614528,0.0063043818420938,1.1746040093714016e-09,0.0339553679954196,0.0009489564295702,0.3380663318925781,-0.0139678330449218,4.680009335463177
0.0142855096835937,0.1590416557601268,1.5771355217971066,1.5917011721161445,1.0729933212176077,1.5434887955059842,0.0090936423432875,3.603717497743604e-09,0.0110517676719667,0.0003612109476516,0.4876175866875,0.0142855096835937,13.867448430095472
0.0392876294638671,0.3501098304537163,1.5265593361686016,1.5446782732224618,1.064238258835753,1.5645254402389075,0.0082111927643155,8.932185207805396e-10,0.0491686689960805,0.0013073833168228,0.3040220327177734,0.0392876294638671,5.498175886270502
-0.0523264203544921,0.305278743695542,1.600245878124983,1.4772936698652668,0.9566317364203368,1.5361266380341965,0.0074310626713458,1.0611576856940176e-09,0.0369056069336564,0.0008666315083876,0.3377780912451172,-0.0523264203544921,7.509063282281144
0.0694615666308593,0.2243105606051415,1.5481448495146857,1.5039610298175856,0.8892791186559664,1.5607521542584115,0.0083368514242471,6.407653769645848e-10,0.0476436993354737,0.0006380380282912,0.3711080149042969,0.0694615666308593,17.211216550545355
0.1299336358505859,0.1171095800595029,1.489370986345796,1.4203912729040722,0.2336607385280773,1.3947679385619896,0.0080650202552119,1.513101464036046e-09,0.0032843119358704,3.0988503586483124e-05,1.111264162713867,0.1299336358505859,7.064798213343442
-0.2804973475087891,0.1988658663615308,1.5744243433886873,1.4585078659214414,0.9882388052924516,1.4633730959251996,0.0060247667434207,9.33435242425878e-10,0.0090619288137919,8.68319299475489e-05,0.5873766062001953,-0.2804973475087891,7.493273157478187
0.2722767392587891,0.1131751073013897,1.5536701695999655,1.2973990497131944,0.9665432957642496,1.4611752240095832,0.3323887348770167,4.997797383923005e-09,0.0372417379052277,8.594142228200538e-05,1.2356434376728516,0.272276739258789,18.334593906319952
-0.1811634276562499,0.2152233805130697,1.5544489030286797,1.5185700778338769,1.0341323996433636,1.4573192358943123,0.010750913492334,1.5918996017054991e-09,0.0102561949278395,0.0001529958400704,0.6457346420488281,-0.18116342765625,7.292573106407008
-0.0217968906601562,0.2627621128104915,1.54892567073344,1.5977614310686772,0.9254391293748544,1.4499875265302553,0.0087759564189497,1.913371677667289e-09,0.0184456541112169,0.0003876938146229,0.4641765077070313,-0.0217968906601562,9.630334611232897
0.0663645911435547,0.3262837659788638,1.5455817850510094,1.5620786657336971,1.0843872977367623,1.5307969880056314,0.0072197165192345,1.5628839484068006e-09,0.0328463463283153,0.0009571409113565,0.3229144056513672,0.0663645911435546,6.229301901422529
0.0027689676757812,0.2160110528185612,1.5280228370450188,1.532763704213343,0.7355979419628609,1.5234077344900845,0.0106560415895154,6.265966477594303e-10,0.0236133460146048,0.0003371311309494,0.5007088635703125,0.0027689676757812,5.748714604990127
-0.3304707047705078,0.1490000655068861,1.4102595841857628,1.4845570140679554,0.2305835585789052,1.3749160589427207,0.0154363139544644,1.848760765838191e-09,0.0050807314585496,5.697764040760534e-05,0.988468645163086,-0.3304707047705079,10.254553413216508
0.3079724510283202,0.133775778482011,1.5637286739127854,1.472911196907048,0.3895763801331209,1.519499885960272,0.0069114552533967,6.19153408915432e-10,0.0106061824334653,0.0001025986210943,0.7860608996572266,0.3079724510283204,5.753707031544892
0.1266596325439454,0.0569737973624036,1.541711379514198,1.380530007628613,0.6126748273373721,1.5018948609940073,0.1081529657978083,2.4016634460782745e-08,0.0051681599924566,4.433649063398296e-05,2.372630084749024,0.1266596325439452,12.650144529093351
-0.1221914200107421,0.1924850322315651,1.5735679143009027,1.506489765231374,0.989512375585187,1.4998249540340975,0.0099693650384603,1.1128538080359336e-09,0.0105623039543058,9.237684842242402e-05,0.6918511109052734,-0.1221914200107421,11.598968983871472
-0.0050840677734374,0.2508409071086634,1.576639688312505,1.5026614598850836,0.6444659904003198,1.4657628295460272,0.0099801631060668,1.6610917814799034e-09,0.0363481997128989,0.0004899147647115,0.3910113682519531,-0.0050840677734375,4.388766226076195
-0.0021516614521484,0.3728236579552,1.5582521143507675,1.5555055870470946,1.131500155512945,1.5127921732919165,0.0097720589899594,9.60990546832111e-10,0.0371146808018051,0.000761795224247,0.3830821302880859,-0.0021516614521484,4.947548120295845
-0.0006046799091797,0.1638738851544801,1.48706142184417,1.5368203267148035,0.4197447467166034,1.4191627514063136,0.027795405452113,1.864700260909489e-09,0.0268476780653881,0.0002562541454837,0.6547839381083984,-0.0006046799091796,11.464670671561557
-0.0508612345273437,0.1777058908682567,1.5137613424906733,1.557169042778003,0.8221393007510487,1.4967409395810738,0.0107477258230282,1.8970241403846315e-09,0.0174203373901988,0.0003884681079105,0.5185426696191406,-0.0508612345273437,8.000866146254928
0.0491310360458984,0.2719723111362916,1.538969015070467,1.538442788089451,0.99443154014314,1.5198197255209478,0.0104485284042888,6.310509487562131e-10,0.0259795416007564,0.000416633406029,0.3924307548779297,0.0491310360458984,12.283579746744977
-0.0119679045781249,0.2799646700799067,1.58666915837035,1.4617978574478043,1.220842161369348,1.5197849390448863,0.0057841314215132,6.115481443663012e-10,0.0343327431112847,0.0005463853169128,0.2832864682265624,-0.0119679045781249,6.565433505143437
0.0815410497128906,0.132943551867217,1.4564520193993484,1.419740625384576,0.1959291175362611,1.3241916333750452,0.0089005720178626,1.0519963537146884e-09,0.0028863675225202,9.400095847509886e-06,1.0454125388242188,0.0815410497128905,8.937446715030182
-0.1193080084746093,0.4404561823176263,1.6147679469947276,1.516144389101698,1.1891975187437818,1.4879821503802555,0.0074846956393307,2.954359782335782e-10,0.0817358624603235,0.0003397703433201,0.2417709652988281,-0.1193080084746093,5.245913814323815
0.0780785750634765,0.3234662729420789,1.5862408085182165,1.49119968947536,1.3312345839368631,1.5282929121019908,0.0050442558843421,8.766792416866586e-10,0.0323863640071997,0.0006241641820407,0.2789352685908203,0.0780785750634765,6.226488947514785
-0.048930719743164,0.310599027345223,1.5619780890277684,1.5343344990820211,1.038406640372692,1.4532354656809487,0.0146934375096699,1.384288273727301e-09,0.0845739593552393,0.0008764942042548,0.2936917452197265,-0.048930719743164,6.070306500103956
0.1290142145478515,0.2426552960402361,1.529929170826572,1.526289331702579,0.7551209400966783,1.510455830142437,0.0071014722964201,1.8315133002623679e-09,0.0198222809435586,0.0005101779826301,0.423360488118164,0.1290142145478515,5.030450594001974
-0.0849474734999999,0.1041359952330335,1.4381491621438731,1.492331065835898,0.224325675677707,1.4308453349485373,0.0098607085600403,3.549457526429217e-09,0.0031626916141608,7.849145915226802e-05,1.0771492715371094,-0.0849474734999999,10.149171084245332
0.017537713258789,0.3103617627040922,1.5494745550580094,1.4567726929036184,0.7987177581868247,1.4706094628617508,0.0100472655549228,1.572868273454275e-09,0.0307271737611445,0.000618325274065,0.4426108831083984,0.017537713258789,5.903055706904009
-0.014301998368164,0.1427687061508998,1.5036367676299272,1.471445230972383,0.2327412923918505,1.4713867076638425,0.0087583872235887,2.769712467387675e-09,0.0039307903850291,6.395926730809604e-05,0.8809096479091797,-0.014301998368164,8.876253741197747
-0.0447065958671875,0.3891109488415774,1.5538044225450585,1.497726025566085,1.1295539835529875,1.469696338254348,0.0074141866830347,3.2611582576722477e-10,0.0593586276112459,0.0007330202894745,0.2546225856582031,-0.0447065958671875,4.518895632147264
-0.041564808390625,0.1920502561582402,1.53893280732263,1.4271564944702986,0.4107620635285956,1.44357813505605,0.0095934016297254,5.040619977249625e-10,0.0490673000494021,0.0002865318728517,0.4482920974785156,-0.0415648083906249,29.148226367131628
0.0915052536767578,0.1979939612258286,1.5442433905419573,1.4246318027040532,0.375150043427376,1.4778994308772302,0.0080376376873629,4.710222385441987e-10,0.0257367040549561,0.0001255326657373,0.5213920419013671,0.0915052536767578,21.3087000712524
-0.0019188394287109,0.2081088240967024,1.5410652660360098,1.4310113928589852,0.4989029788090844,1.4309555794305149,0.0142840777860417,4.3419401422536006e-10,0.0402755685316079,0.0001897601991823,0.3675566211474609,-0.0019188394287109,10.80860633912496
0.0151457025488281,0.1882991486607293,1.4973038623799166,1.555507913783475,0.6386909947638866,1.4822787541813651,0.0092038183769828,1.1878658802107011e-09,0.0275141305346573,0.000405280157166,0.3986327102304687,0.0151457025488281,5.993773818088414
-0.0498604862529297,0.2187706729673018,1.561169493667704,1.532514273060572,0.7601109678201158,1.491673365743618,0.0090593019002027,1.3905804565399134e-09,0.0165932684816816,0.0003632456143878,0.4814103255986328,-0.0498604862529297,9.201944103561129
0.1150772766757812,0.2281118198832199,1.4838478982033647,1.5340663012040427,0.6445214765504104,1.4829711984291347,0.0080033211872032,8.870603294198931e-10,0.0269094650837878,0.000614382792677,0.4635435641660156,0.1150772766757812,4.215247674548579
-0.0994227677128906,0.1306279652808255,1.4212854875362462,1.5274216653392103,0.1725646661291361,1.4081015134876154,0.0146324921482204,1.7345439480174523e-09,0.0040872400595032,5.339440656771757e-05,1.262633642671875,-0.0994227677128905,6.103960688717852
-0.2429774946249999,0.1430381024793139,1.549414839657029,1.511005553598718,0.6879213381332988,1.5360724529451264,0.0125342044681909,1.0474357404472891e-09,0.0148143415680896,0.0002429559678329,0.7156143547382813,-0.242977494625,4.064846917243547
0.008286833618164,0.0478637409573512,1.5280686837096995,1.3748433202103156,0.4121422982708548,1.5138857542066038,0.1061190883042506,2.4252594647964556e-08,0.0041215144631171,7.472110944844837e-05,2.536822688932617,0.0082868336181642,15.630232790927469
0.2795614047998047,0.1898386385902327,1.5398542475878871,1.5084847120761748,0.7735832792692395,1.5288955195100538,0.0179884888736977,5.897747434617501e-10,0.0221631319633714,0.0001246810017388,0.6134417469091797,0.2795614047998047,5.7987691084368
-0.0130141689726562,0.149382171441084,1.545990800524646,1.4338235658214094,0.6384681513782638,1.4754639242135306,0.014580406765941,4.261022740701586e-09,0.0061217397101395,1.8736894017529137e-05,0.7823214854316405,-0.0130141689726562,20.731004495780294
-0.093854862671875,0.1642994983443733,1.5474243196670932,1.4421067532113052,0.528205545677811,1.380254810515675,0.0147580604524266,3.974661618792082e-10,0.0154093426038383,0.0001035566004341,0.6587192868554688,-0.093854862671875,8.525725798469393
0.1447578704091797,0.1848052274397762,1.5602924011411696,1.4621719648554083,0.8068429056948899,1.4777824547469698,0.0146258574830331,8.68822705093357e-10,0.015289906784955,0.0001171833084869,0.5287313515185548,0.1447578704091797,18.31057275604199
-0.0908885487529296,0.228615896104157,1.4691859958691744,1.5334427529860486,0.5734472670838844,1.4859606035574573,0.0109509428114729,1.6728798780218832e-09,0.0160187716458026,0.000176614855696,0.5365907960458984,-0.0908885487529296,9.91332038545037
-0.0005526132529296,0.1695549925829352,1.521945086400889,1.5037988744966526,0.6105513787759068,1.4152711550499495,0.0228316244066108,1.1452214448500522e-09,0.0485546792209971,0.0003808897924091,0.4322795653154296,-0.0005526132529296,8.81090413894891
0.0546339476269531,0.2242514527785324,1.54827425216174,1.5329286344522748,1.2096385418616131,1.5397577342588695,0.0085275327073834,1.0838188430736852e-09,0.0257763365995004,0.0006732178114471,0.3704390157441407,0.0546339476269531,8.222067020224996
-0.0881247103398437,0.1273562325743403,1.4838046335097863,1.5118548285500306,0.2188754380451703,1.4379069401624942,0.0104528064534,3.156348903177959e-09,0.0049967848330925,0.0001032395060992,0.8880112001679688,-0.0881247103398437,8.907004502870617
0.0254465327705078,0.1772305237823266,1.561234432637031,1.5619780890277684,1.3516703965538426,1.5702237846592544,0.0069093219910213,8.537191307289833e-10,0.0082682537615957,0.0002648461693813,0.461639508319336,0.0254465327705078,21.29459904909598
0.0352822250957031,0.1361734225874265,1.4473809678263472,1.4700387542068112,0.2580832023184499,1.4061651448904553,0.0097344494207695,1.0049456302687767e-09,0.0056913379572813,9.1800028253421e-05,0.7771239868164062,0.0352822250957031,9.751447721025375
-0.1593697205751953,0.2195079181437919,1.50115488198827,1.3765697321572932,0.6534876872085553,1.4903020681805534,0.0173390208551569,4.52584779930757e-10,0.0190579014134144,7.295931617538372e-05,0.7479027404267578,-0.1593697205751953,4.320064998898352
-0.0780681348496093,0.0555574082155847,1.525480030068622,1.3474553711642858,0.2854264497033601,1.395315922388834,0.1765586986017835,8.508924209960678e-09,0.0068775763707352,6.320708240409663e-05,2.733458556650391,-0.0780681348496092,15.362689096470914
0.1438320033271484,0.284357162190051,1.599582200489375,1.431134858272807,0.8079226951523735,1.5075412723535866,0.012321989470779,3.949989204180639e-10,0.0148547981207933,8.44382023074224e-05,0.7527698513486328,0.1438320033271484,4.675992187298959
0.4198151594687499,0.0505302791153565,1.554607194948686,1.4455092724171177,0.3280106476736217,1.456163711501998,0.3106050555462634,4.249838112045189e-08,0.0104109441303367,2.150158440689609e-05,2.9211615849335937,0.41981515946875,12.926091059196564
-0.2862875304687499,0.1176943475685291,1.5771349760652709,1.349604950524829,1.0330150061822965,1.4875155843312098,0.0147392289443672,9.717265980232151e-09,0.0031693762978314,6.479732334480053e-05,1.620992552748047,-0.28628753046875,17.941133612101755
-0.0325580082939453,0.3012267107452017,1.5077410232939177,1.5258003939550937,0.7678707267558817,1.5074867424852132,0.0113222226585033,2.553520913857699e-09,0.015994323501392,0.0005188289621508,0.6479563621513673,-0.0325580082939453,5.760163854521879
-0.0007301163701171,0.2483273918523886,1.5264744680679685,1.528883591853491,0.6104713114452556,1.504270216364684,0.013551201628446,1.7600514439076801e-09,0.0210274893289525,0.0004918075164274,0.5460335668525391,-0.0007301163701171,12.086222425276883
-0.2775648335859375,0.170140159931499,1.5262508333381342,1.5031757999772162,0.343789308509238,1.5089335721583756,0.0090906627306208,2.6139416502123103e-09,0.0129044051435715,0.0003739668722412,0.608088105076172,-0.2775648335859375,9.551235446902268
0.3227814354843749,0.1502287297347373,1.4773808898752678,1.525480030068622,0.3921792713965145,1.5058682976191349,0.0176107122667015,0.000517588827603,0.0102087931782335,0.0008663597844943,0.9859082809628906,0.322781435484375,4.437917082900611
-0.0816001588828125,0.1047569325508026,1.4887307199656798,1.5955411460197093,1.1627151748608695,1.577432637537681,0.0108834115846792,1.8399382457218118e-09,0.0058158763999042,9.796630657765644e-05,0.8046027648378906,-0.0816001588828124,7.266332915518593
0.2084974327304687,0.1419297986863659,1.421064795595991,1.6113038348220456,1.1043038236678977,1.4925070882596867,0.0062194077616922,2.261514724554657e-09,0.0068244159878023,0.0002129993060206,0.5817634796230469,0.2084974327304687,7.795889721037192
-0.0468988409121093,0.0898319718493872,1.4363684947587272,1.612917270005942,0.8685958580661379,1.4845570140679554,0.014204841573383,3.310372630385479e-09,0.0055218085897065,8.592626660396395e-05,0.96750211390625,-0.0468988409121093,6.4774809330296215
-0.2512454233212891,0.1215024709545144,1.4495697799939045,1.6112163009284282,0.9235252257750878,1.4998739430050612,0.0098639400457838,3.763190269630663e-09,0.0093460304637457,0.0002334654719987,0.5980308837548828,-0.251245423321289,10.742235476954162
-0.2361417795839843,0.0710031076330442,1.3912519453693184,1.5698462928398942,0.1919568687776268,1.391370294228739,0.014546709678892,4.810683677193743e-09,0.0040458812623712,5.796962964326015e-05,1.2919560862910158,-0.2361417795839844,7.224665127073366
0.4914792130732421,0.06349002124275,1.3626391803232831,1.5494791493415605,0.1246367000014115,1.363133242290392,0.0103459848112369,2.911921375326299e-09,0.0037561610692136,4.490393673957472e-05,1.3524181559521484,0.4914792130732421,6.393593583454944
-0.2022924580839843,0.1581720672288378,1.403575063798315,1.494474430679916,0.9694803752030716,1.395169495804886,0.0253322634415084,8.753923018069804e-10,0.0366011258286105,0.0001724205316623,0.5477903137890625,-0.2022924580839843,8.059543682912446
0.0641351592255859,0.1474608153616662,1.4648651499616117,1.4996842182062455,0.9231636111619173,1.5121473984007032,0.0377103107685969,1.4709544169540635e-09,0.0345153363537741,0.0003359225775292,0.6653557591201171,0.0641351592255859,7.531366694953584
-0.0097684844951171,0.1468095642539616,1.3941629810287492,1.5374330498129738,0.27170018520538,1.42240698083637,0.0090400802574202,1.447277423457187e-09,0.0057578299206597,0.000100454222374,1.0073040306591796,-0.0097684844951172,4.219445073259358
0.1382259572314452,0.293348936550635,1.4970811023481725,1.5654392348005002,0.8756380997050541,1.4754595218482112,0.020562017752902,1.2907053725581659e-09,0.0290220674227871,0.0004116186994671,0.7081842698076171,0.1382259572314453,7.176501416779602
-0.1484346515742187,0.5389315086941887,1.4478098750853867,1.569969016351073,1.046584951339455,1.471964108517366,0.1171527084031367,2.580272949055246e-09,0.0808585784229389,0.0009263511346965,0.9385411682167968,-0.1484346515742187,3.805380813332073
-0.0339097237988281,0.4578555910031308,1.5149478578793558,1.6047653153900303,1.2898545112204438,1.5222855923379313,0.1030651982464741,3.6440431616094687e-09,0.0586901655384675,0.0024679984233611,0.9994424208281252,-0.0339097237988281,3.797882721833503
0.0271586189374999,0.3666095282620417,1.5328704605089032,1.5891555351798874,1.1687932972047623,1.484340638327604,0.0744619404096528,1.4504443261505964e-09,0.0447744379119218,0.0004234403004581,1.0459050403984371,0.0271586189375,3.4452898703486152
0.0521461897421875,0.5636891133230585,1.5104896673124677,1.5737164197120492,1.4736363712750389,1.498663935384294,0.0392184582531883,2.244124868845331e-09,0.0646913288272204,0.0012051829180664,0.5796177486191406,0.0521461897421875,3.6528255489264807
-0.0155770488867187,0.6158687861474561,1.5559324410911273,1.5467183417596797,1.1946269419076982,1.5062877444816525,0.0481958559275453,1.274638697761796e-09,0.06133542584126,0.0014121538653798,0.6337013980214843,-0.0155770488867187,4.0964382493463205
-0.049552308008789,0.4134413484078156,1.495363879526761,1.557983630633061,0.9186190216337462,1.4757335197944086,0.0328628689511283,1.028474902759684e-09,0.0589260110794821,0.0012554551723001,0.578768314633789,-0.049552308008789,3.245702469175344
0.0740160742382812,0.2371390777796721,1.4610052149932118,1.5147883802330753,0.6426545832926288,1.4179218563666018,0.0144761245432065,5.314244859850852e-10,0.0437286392713744,0.0002611701884697,0.4538929625527343,0.0740160742382812,4.7562754508294285
-0.0927056234443359,0.2214265741609126,1.467339298516412,1.5218232029121666,0.9075570519054004,1.4657570830782636,0.0122750322295258,5.282939465290978e-10,0.0435000163663649,0.0002611919891186,0.3832816970224609,-0.0927056234443359,5.589467863918779
0.0486524710029296,0.2277216566394139,1.4619840066085912,1.5389480297910505,0.980208713122127,1.4379332728181338,0.0103486440024108,3.889309222851139e-10,0.0145113819125392,0.0001406886690803,0.5680798591591797,0.0486524710029296,6.818548260246033
0.0895152433515625,0.0962312387695685,1.4034180813773838,1.5701763230632229,0.1513624742675949,1.3508902556519575,0.011113861116063,2.6375121093382886e-09,0.0038868086217942,3.529730685383579e-05,1.0672969061308597,0.0895152433515625,8.661785167980137
-0.0596747611367187,0.2034356741822217,1.450510897079831,1.6111964144198063,0.948861088000336,1.4296461571967565,0.0092010331331801,1.3938254686182974e-09,0.0142719028263037,0.0002654540289637,0.4956773691035156,-0.0596747611367187,8.635250171194977
-0.0923016771113281,0.1745759051428691,1.4168021027537343,1.6181501681357373,1.0735762105067848,1.5396667001052924,0.0182578981141919,1.020443480369328e-09,0.0377676016042078,0.000346769996959,0.4301017285117188,-0.0923016771113281,7.871188249524595
-0.1357632098408203,0.108570245281417,1.358340207284343,1.589263639886522,0.1015983968983498,1.421927176121233,0.0138009287227993,1.9464874317415687e-09,0.0176899212931059,0.000229033307282,0.6903841670771483,-0.1357632098408203,16.081163554821334
0.2533090297265625,0.0928291868534286,1.4077488437602297,1.607351155079235,0.2279685490356996,1.3617852268430926,0.0092236213813478,1.2949008613218016e-09,0.0088293983331645,0.0001149271554925,0.7646271240039062,0.2533090297265625,5.221056726318763
-0.0528042671533203,0.2866987800097368,1.5222031956064332,1.5902323538256744,0.899348011143843,1.3876559418544867,0.0102411863467311,1.1780960271240448e-09,0.0411541959060266,0.0006942583341214,0.3475124394521484,-0.0528042671533203,5.665760325136413
0.028211491171875,0.3210042630975169,1.448546872936631,1.5637223384555234,0.9542040416707546,1.4689585412914243,0.0087531093979965,8.904876923022265e-10,0.0327041156564726,0.0004389835454529,0.33313248503125,0.0282114911718749,7.632319970970604
-0.3650132716503906,0.1046382403214521,1.361888931979279,1.588488380280586,0.0952563470626402,1.4114532480209112,0.0097810571708476,6.440458762827305e-10,0.0098512095506361,0.0001090325987304,0.71334684159375,-0.3650132716503906,15.149573715030002
0.4081376514111328,0.1236549731231292,1.4174145867071768,1.506114271593399,0.3188004631724331,1.3955582784261844,0.0151543447563158,1.117441237102644e-09,0.0199540512256623,0.0001355411791588,0.6672623282314454,0.4081376514111328,6.530418934505847
0.0046919953242187,0.0873812598280197,1.2921199340421752,1.519819725520948,0.0997858593593301,1.3437680240371594,0.0134353875078117,1.2941656360349903e-09,0.0035683080174377,1.4647820903231886e-05,1.0313557756425782,0.0046919953242188,13.084699866627483
-0.0220560573876953,0.2894476318990012,1.4224219833690597,1.5376473772092338,0.9114861801554104,1.4170252137105557,0.0074784444892764,2.4239847781336347e-10,0.0404743033106566,0.0004494098649533,0.3055191347568359,-0.0220560573876953,5.988826317102875
-0.0436993667294921,0.1957379040143148,1.4722045697777368,1.5541798336196877,0.9549055680019348,1.3971225777152845,0.0142990042108021,8.629970792825068e-10,0.0440791862825428,0.000411429642991,0.3504580991123047,-0.0436993667294922,9.765885107892862
0.002309023399414,0.2204887840135196,1.422404073808426,1.5379010786133367,0.7045223450352153,1.4590757567566666,0.0282675383173121,1.3488967389951835e-09,0.0956092955125543,0.0004301816348458,0.3831230812626953,0.002309023399414,4.535743937266415
0.0645017818271484,0.1976772152862417,1.4305467548756647,1.570250532048873,0.95265837604503,1.4587177081976748,0.0179040924961517,9.427193730208401e-10,0.0549722158075576,0.0005850791240344,0.4254635344208984,0.0645017818271484,6.929245983072655
-0.0600539955976562,0.0833461741120318,1.265028532788007,1.5764676575353465,0.0977866603034515,1.3117439890332878,0.0163130049642857,2.6010054740141356e-09,0.0041736038431169,4.9102829137102826e-05,1.264624167669922,-0.0600539955976562,7.91478532861104
-0.0918289565615233,0.160153458124246,1.385441624736701,1.5713281847295706,0.8146769422179375,1.4501841708319532,0.0155969598975988,1.597846392490282e-09,0.0153606910092799,0.0001354264924548,0.6683821583271484,-0.0918289565615234,7.049067472597744
0.0967666561699218,0.0743330399711587,1.3210650734694194,1.5770263080877434,0.0627717501196253,1.3804718870771815,0.0192714139637793,2.549268346456772e-09,0.0040108570951674,3.0342452964547346e-05,1.3276943972031248,0.0967666561699218,8.388477954382434
0.0711804470888672,0.1261697232896765,1.369927698892067,1.5895062170805052,0.3983523134439475,1.3919386678349792,0.0150753036295537,8.933249329547806e-10,0.0183725548387729,0.0002202152508506,0.6887202709794922,0.0711804470888672,7.220347458339853
-0.0617629308593749,0.2098467087691883,1.4073668533391448,1.561668237882898,0.9340629016199528,1.4662442113462433,0.0145599674324557,1.5130544803484682e-09,0.0374882720281536,0.0003820336398926,0.4209175884472656,-0.061762930859375,8.828488651593755
0.0072241181738281,0.3734723876260806,1.4712740432319074,1.483059769945136,0.8249993116647479,1.4060321729232483,0.0223884508958783,4.987397863294193e-10,0.099207964683343,0.0003216586449269,0.357967393625,0.0072241181738281,6.1516274568711244
-0.0777498135878906,0.3373063036729483,1.3991980413764895,1.5001810870667571,0.7680190752381494,1.4451913161024177,0.0148591772093273,6.311405659696846e-10,0.0502198517737479,0.0006247393979077,0.4191725307421875,-0.0777498135878906,6.69546852036959
0.057131944609375,0.3043689912367956,1.4134150140314992,1.5417206830192542,0.5155302124903,1.4095058296323897,0.0177611049605654,3.8072325729754733e-10,0.0492631900062456,0.0002861762690455,0.4464796915761718,0.057131944609375,6.708830700893089
0.0675143236972656,0.261318438169468,1.348951897094275,1.5087040780513294,0.8690378470236094,1.3758291989533982,0.0169474938858702,5.050352268057542e-10,0.0698591013530855,0.000281903352046,0.3514946069765625,0.0675143236972656,7.922817909056638
-0.1329231411796875,0.23957356492909,1.4237929195103287,1.5157389007304207,0.8956344069484943,1.381590370308048,0.0126121107554242,1.0679423903115012e-09,0.035518597738193,0.0002717905186795,0.4068378798398437,-0.1329231411796874,7.3260760367673505
0.0990685651992187,0.1879415699092346,1.5383281271335536,1.5709687679572852,0.8638127946255384,1.391555091503451,0.0162067390975569,4.434973936219483e-09,0.0106931437278117,0.0002998603594177,0.7385631366445312,0.0990685651992188,13.41949495488962
0.0169690067880859,0.1315525098994484,1.5985611832978948,1.6147959559738527,0.7328705325777924,1.489893792783108,0.0152527023500167,6.054085102033458e-09,0.0148004072030332,0.0007152156992887,0.6902295223935546,0.0169690067880859,6.205145257246399
-0.146564092899414,0.1303117813892771,1.622612997319179,1.6177959635486487,0.8171998292299242,1.470807656630335,0.0156682536988209,3.745527925393392e-09,0.0146344615991932,0.0007997226328503,0.6560097558349609,-0.146564092899414,6.519069365832801
0.1921978666708984,0.1796880645345774,1.6010286765875457,1.623808850659348,0.6027577861991954,1.371903042086958,0.0176526552828168,5.076159035852755e-09,0.015683394990572,0.0009890185547057,0.7117972554111327,0.1921978666708984,5.707006031770712
