Mean,MSE,TP9_entropy,AF7_approximate_entropy,TP10_approximate_entropy,TP10_permutation_entropy,Abs_Power_Theta,Abs_Power_Beta,Amplitude_Kurtosis,Asymmetry_Mean
-0.0622823393261718,0.1491829787268247,0.5044954701245704,1.4002605878577792,0.5342923104613044,1.462846814913802,0.0049479542549841,2.7369891471549407e-05,4.408000267009957,-0.0622823393261718
-0.0393347860439453,0.4023948340712663,1.4076171305887115,1.351456759915757,0.8867817802897293,1.537987129631667,0.0048032193377126,5.832019995916953e-05,8.100609651666067,-0.0393347860439453
0.0208975976699218,0.5520287484073669,1.4381194289844763,1.378543495848608,0.9262277370420152,1.542621617219446,0.0038547611126309,2.4900099288641503e-05,5.520158981254903,0.0208975976699218
-0.0013596562470703,0.6399238070541299,1.5023924764113543,1.444064983514446,0.8937459306824929,1.601714239111782,0.0017583135822276,4.784672872925847e-05,6.027550284626577,-0.0013596562470703
-0.0265299168671875,0.5362570616577945,1.1864430020411418,1.3565483458341507,0.910165918127138,1.5641720218787334,0.0063580102960718,4.247967346937245e-05,15.127680620833212,-0.0265299168671875
0.0498656626201171,0.4391076492028117,1.458347678759948,1.4371926649785445,0.8628126599997126,1.5628842044912632,0.004101698537585,3.1144454683266825e-05,5.609529618020111,0.0498656626201171
0.0167852428095702,0.0833222794318114,0.4387187924646004,1.3902458067444148,0.8845849595408399,1.4555169919783175,0.0021645846454315,2.3987825554561902e-05,7.52890945393511,0.0167852428095702
-0.0708210481708984,0.4298325408573926,1.2752818320307178,1.398975464060769,0.7940848577367565,1.5212583429807165,0.0031982002141561,2.1498454826930184e-05,7.870731852083415,-0.0708210481708984
0.0620738836210937,0.381774848098055,1.2478623324963658,1.387354964688071,0.6657511480259077,1.499140081846914,0.0022748060980655,2.2291948512641653e-05,6.051325477275913,0.0620738836210937
-0.0307352012255859,0.2317636004459126,0.9574488043676626,1.3374231163774275,0.5003103674646145,1.4700199071649247,0.005825745453589,4.511834824055767e-05,7.236006915885256,-0.0307352012255859
0.0033774168720703,0.49598896995311,1.6828653809889176,1.3956624766155772,0.7481995454581147,1.5242301137616163,0.00305636744228,0.000117801220159,9.29287683274134,0.0033774168720703
0.000994177390625,0.5267167563299516,1.3761272437644465,1.4178670902138932,0.7263486829159698,1.569226359243546,0.0023886704025302,1.5628320272846465e-05,4.358067183721818,0.0009941773906249
0.0352260076748046,0.5286984399470551,1.4342584203270172,1.3970237951987097,0.842168152200351,1.4944767142709294,0.0024950068369313,2.77519058368925e-05,8.588176583284975,0.0352260076748046
-0.0368287023925781,0.1352784346927531,0.5888343339345626,1.3743359171148746,0.8914494915184963,1.4754595218482112,0.0015869671955644,2.2021920948924964e-05,9.128275230215982,-0.0368287023925781
-0.0300623399609374,0.5185721519086709,1.4338858436953923,1.349995614423784,0.8636438393157055,1.4270123789220488,0.0024092096966695,2.1761339554062545e-05,4.212252913333078,-0.0300623399609375
0.019733720883789,0.5703312060792347,1.3295178453178087,1.416580420744065,0.5999179567929906,1.534370859008392,0.0065691152889579,2.5503489579132347e-05,8.311747089611952,0.019733720883789
0.0560385937382812,0.3311891267695451,0.9683698809190446,1.4095424534222178,0.891947580532741,1.5674105146027126,0.0012736944016584,2.1174625756439278e-05,13.197212333812525,0.0560385937382812
-0.1010062269726562,0.3040091773081147,0.9626232885151538,1.4308870548125745,0.7292048488706202,1.5333069791437115,0.003104154951226,2.6482828314363085e-05,6.5432032798566615,-0.1010062269726562
0.0757696076982421,0.2570321607145958,1.173546117695228,1.3915599341360818,0.3965203525882854,1.5215318689834376,0.0033958279979622,2.9964643505719583e-05,5.815621836715964,0.0757696076982421
-0.0473529304101562,0.301860519152603,1.1624342207388292,1.4276875460254166,0.3908677767952282,1.522709523879793,0.0022280759270776,3.2714508889200824e-05,6.291658882988712,-0.0473529304101562
0.0186122959892578,0.4026353162490337,1.303406701314123,1.3103915904819008,0.5705033443789516,1.5017813059513316,0.0034440496502969,3.1083107422887155e-05,3.8003998430772974,0.0186122959892578
-0.0351226372265625,0.4510277277867298,1.4453697959494962,1.3978962311027314,0.6660720592652334,1.5200534200103322,0.0021661076217362,3.265772939040405e-05,6.186158073048772,-0.0351226372265625
0.0123856855009765,0.4760075927312325,1.3071570405611668,1.4233835209819905,0.7011322904379464,1.4754595218482112,0.0027561318516205,2.423050930391832e-05,7.914354753643243,0.0123856855009765
-0.0411710354248046,0.3390168425449428,1.2600357278244478,1.4231020665162193,0.6842966207334338,1.501116551706693,0.0028818836024259,3.3345153174874714e-05,11.77975968094937,-0.0411710354248046
0.1992099532109375,0.26601568666329,0.9358469106680224,1.4062638953644142,0.4572823038675655,1.5001415525870594,0.0075959180408588,4.993271373879528e-05,11.801394648540873,0.1992099532109375
-0.1156742486240234,0.0743544527583155,0.2901376109220888,1.4384112186995193,0.3393146974328491,1.39247487691974,0.0049707507635937,5.7438425262601366e-05,9.021193644634373,-0.1156742486240234
-0.0632441837373046,0.1342065482735404,0.639658495608959,1.4872415425406664,0.5553144345531966,1.4671574079265524,0.0047052139116299,2.7551173030672534e-05,8.911068875915575,-0.0632441837373046
0.0147322040751953,0.4139308558314276,1.20930208987402,1.4306797941033351,0.634806155283568,1.519649180801353,0.0027779673492969,2.0563396909923347e-05,5.358666661743843,0.0147322040751953
0.0081169690947265,0.3752369077590497,1.336918087721997,1.3628192631556424,0.7722719179989141,1.5307359152921998,0.0029991171134866,6.025321342896985e-05,4.759758419106023,0.0081169690947265
0.0082447908427734,0.403946719426818,1.1394342831883648,1.3700037158257226,0.747539467661487,1.5438589105625335,0.0064055037366467,3.1222901789099294e-05,7.736776796188531,0.0082447908427734
0.0356944833798828,0.4787256411573799,1.289444535129973,1.3723309527871044,0.6346126319585661,1.5063935605617127,0.0058552767819758,3.281806736903662e-05,8.373927621452335,0.0356944833798828
-0.0101449041835937,0.5112986746573477,1.393292290307535,1.417294406864854,0.7287826216726399,1.513089429896565,0.0021251522748542,5.979607756101055e-05,4.551807989714328,-0.0101449041835937
0.002984510258789,0.5205759447672605,1.6503294697521993,1.4068758114115931,0.7336769190110819,1.5149762037016827,0.00469838858413,4.767126820179585e-05,5.682049689444529,0.002984510258789
0.0038670930166015,0.4890277985570246,1.396378480186517,1.379096946613083,0.7289545026982052,1.530156055944493,0.0021768363708296,3.33869596505218e-05,5.746410989192943,0.0038670930166015
-0.0191064573164062,0.1618784061349003,0.4783136342515794,1.377646810115577,0.5425242083373738,1.374575811111597,0.0033908175419272,3.7012566282442966e-05,13.594792332641406,-0.0191064573164062
-0.0266133125068359,0.1436118485063391,0.5608993936169078,1.428408059285211,0.5286105248337702,1.4558156299267764,0.0042506324760543,2.4308079651832908e-05,8.79214579591507,-0.0266133125068359
0.0086600623037109,0.480289566643472,1.66571874833269,1.412705048994638,0.7082454999052956,1.522998318844758,0.0019755541012498,1.8122293254071824e-05,9.379306230585172,0.0086600623037109
0.0112022775507812,0.4710919719049203,1.4608274129824574,1.3547995241454351,0.7583674457645784,1.5091475049483851,0.0050191613139342,3.691776693861828e-05,7.017297534594023,0.0112022775507812
-0.0089497188359374,0.5159315282102015,1.6126585271341425,1.4384333270201717,0.7776959936019474,1.5018948609940073,0.0029921327212321,2.448202574042438e-05,5.157175444552234,-0.0089497188359374
0.0384407393623046,0.3684748706028073,1.4177105573532696,1.4035261908108163,0.9244273910955618,1.5084702855053178,0.0045603318485391,3.967385052447255e-05,6.97334669359282,0.0384407393623046
-0.0443655125380859,0.2921805055886432,0.8942409006544813,1.362183992904451,0.7120771091120415,1.5295980833231568,0.0026450773728589,4.074633121330365e-05,14.26197712887306,-0.0443655125380859
0.0149262205214843,0.3063787600836159,1.050950850697216,1.4088918533518104,0.8231254075926886,1.513609105865778,0.0032359870421045,9.222509129395602e-05,10.140264029416189,0.0149262205214843
0.0141823043671875,0.4577239395315223,1.4728036040291732,1.3017072865179726,0.94286452210047,1.526447765834963,0.0037663031498784,2.256360618336034e-05,4.940119523932727,0.0141823043671875
0.0221576345449218,0.347565828191902,1.2321436812926323,1.3687504681323397,0.6947106434998149,1.524036542944464,0.0024638309833419,3.0685391574868256e-05,6.260714700651209,0.0221576345449218
-0.0333965871816406,0.414679903427875,1.261979623600292,1.407748843760229,0.7736328196522897,1.4703097603153623,0.0029536781107662,1.7628084794607406e-05,6.234926440252241,-0.0333965871816406
-0.0107532778730468,0.4016992529253212,1.2502535568899422,1.4513360049411017,0.7199762344738363,1.5415258449945552,0.0046320555064289,2.7609504826804176e-05,19.50112412771672,-0.0107532778730468
0.0363778232363281,0.5310035773445339,1.4909649836837793,1.388519537331741,0.6648378505985346,1.5334427529860486,0.0026643677226161,1.8192842965129904e-05,7.317868918441702,0.0363778232363281
0.0116361731416015,0.4447474564428267,1.4042481647364864,1.4317934436520785,0.952831945083632,1.5670541405472962,0.0031133148039229,2.29869111196336e-05,6.907817113345062,0.0116361731416015
-0.0365999563085937,0.4063615671552014,1.3930648676871011,1.3607935385676435,0.7602184653337867,1.489489553574129,0.0040826166555137,3.927669676726347e-05,4.708564957205012,-0.0365999563085937
0.0295015653759765,0.2728494346838099,0.8211735836310897,1.384684145270891,0.8925034890405588,1.470089103077016,0.006123395901174,3.838537640951124e-05,28.719301355290156,0.0295015653759765
-0.0771178469199218,0.1461233743218826,0.4524125046171456,1.4096274906304218,0.4351160151765012,1.5450141938114694,0.0041396684866949,3.72527383479183e-05,5.146569514494077,-0.0771178469199219
0.0282352950019531,0.2862492842879366,1.0211247931897354,1.4023918677857798,0.8496481455011082,1.4856734517703325,0.0023454820835869,2.4982789940669327e-05,11.647947613820843,0.0282352950019531
0.0093353722958984,0.4736237322283837,1.5348964769012463,1.3623010926889347,0.8306403229561798,1.5342375583841863,0.003650583412753,2.383596427725225e-05,4.954343977913736,0.0093353722958984
0.0224938406552734,0.4988832784515224,1.4245697632232677,1.4121396001739397,0.786960429943893,1.4145232000871777,0.0057816203248564,4.099723093762741e-05,4.454502533495424,0.0224938406552734
-0.0004250962138671,0.40209810156026,1.2907619343983268,1.414851343432444,0.5668839461929864,1.5446935589606248,0.0053879536648833,3.552151732017282e-05,5.399603463991258,-0.0004250962138671
-0.0491532379375,0.3733395833177151,1.08721615393724,1.3514567599157568,0.6550025446106655,1.4228060882305194,0.0035407269440121,3.838761058999003e-05,11.889038037249268,-0.0491532379375
0.044030503899414,0.1286377500860404,0.5050949490570057,1.4228156168383108,0.5437797095107673,1.4331568703733288,0.0024128781643641,6.783343352429346e-05,8.815808553705706,0.044030503899414
-0.0458452303505859,0.4459213500884995,1.3827503526851612,1.374355534478702,0.5863558966936346,1.4773350273281558,0.0019722759533694,2.305396056399874e-05,6.084607558387936,-0.0458452303505859
-0.0011907740009765,0.3768680003937497,1.2499797771635763,1.4829279337355563,0.6519903268635252,1.4853879477575018,0.006672107078963,6.55833340285717e-05,4.9950614733457686,-0.0011907740009765
0.0280936074365234,0.4082133063338813,1.2815897982569846,1.4041249847730994,0.7095614549141347,1.4860135712862812,0.0056852729679392,2.6575736762103422e-05,8.53460796034518,0.0280936074365234
0.0320538427919921,0.4276039244525503,1.315569342124821,1.3476555624304187,0.7448384057035082,1.410014715030813,0.0031936241644886,2.5403516825628183e-05,5.949951917208511,0.0320538427919921
0.0202018455771484,0.1083234033479599,0.5673835947613147,1.3999107644455269,0.6893168381129948,1.3937982079505578,0.0021940178965919,2.067130156851721e-05,9.37077060635948,0.0202018455771485
-0.0414613670625,0.4662643594326672,1.3876670449318629,1.3692076562190736,0.8397626160502796,1.4716744462247209,0.0023870514478939,2.0223433712828e-05,6.355258620585261,-0.0414613670625
-0.0046166553173828,0.5394202703624515,1.604587458300351,1.386824043193365,0.9476659189003978,1.5070166350811487,0.0023964743207834,2.7627075335476672e-05,4.149140312934898,-0.0046166553173828
0.0034733769541015,0.5141031471844639,1.4417151550612983,1.3730317591108372,0.9090437242620206,1.547547479265729,0.0023975429633789,2.9637717089270204e-05,4.313876297208097,0.0034733769541015
0.0042531279550781,0.6107303832517329,1.677646162460634,1.3795686095516304,0.9116901321457612,1.5981330228793278,0.0018086456221532,2.1422362263632743e-05,5.723940663364724,0.0042531279550781
0.0143520789521484,0.4208932852278676,1.4421748195143471,1.3642663943961466,0.8171229593185521,1.5005003669681227,0.0028194938992714,5.203470803455035e-05,4.46534709082261,0.0143520789521484
-0.0256943399677734,0.4748447412226106,1.417239164969312,1.4515457945736965,0.7642264312648797,1.5442811651964188,0.0023725417662026,2.560511723475549e-05,8.773071163303285,-0.0256943399677734
0.0166349983017578,0.5571866466805807,1.594918601109647,1.4961948895601314,0.8482658951410844,1.516162719090365,0.0055193940441958,6.855356006084075e-05,4.722645330594507,0.0166349983017578
-0.0018798345332031,0.4318196278047818,1.3862943611198906,1.4416346930194686,0.7239321764847935,1.4921046739051291,0.0050606830883589,5.580335091033272e-05,9.186715641644517,-0.0018798345332031
-0.0221925901386718,0.4456496974687783,1.4165797567087428,1.465476802513103,0.7265702599867807,1.4422014524604068,0.0022120531198081,2.3840850504096646e-05,6.268442403010168,-0.0221925901386718
0.0162075458417968,0.374429818689438,1.1650122199378596,1.4016015279215848,0.8794102484718289,1.5110506687605452,0.0020234118813133,1.986979540215652e-05,11.117297142844992,0.0162075458417968
0.023205002821289,0.3224978402508655,0.9855774813504244,1.3678766100131106,0.9046594516039724,1.4637056562308055,0.0041225956897016,3.787767170973495e-05,9.101584377252951,0.023205002821289
-0.0114985355292968,0.4343984357584433,1.1888045828527647,1.4384333270201717,0.884039136047257,1.5313398444566746,0.0034403479799345,1.619838835463908e-05,4.19507265339745,-0.0114985355292968
-0.1081905187353515,0.1233641873938207,0.5641005375795417,1.41133519879432,0.8624028756157367,1.5263589720950108,0.0021751803034002,2.836641872416402e-05,7.608300461325032,-0.1081905187353515
0.1240856259052734,0.2993901007205282,1.0277862360994972,1.344891983002556,0.9489160761611192,1.509202814599631,0.0026893204574118,2.9251420738086317e-05,11.61823526423625,0.1240856259052734
0.0220302177167968,0.3452890947503461,1.244197605636445,1.462462188660277,0.912362122501044,1.5143307512046982,0.0040887359254467,4.328703204283537e-05,7.576362721823012,0.0220302177167968
-0.0293609316660156,0.1073057124822735,0.4577764026761752,1.4005232498159832,0.6797482550311438,1.422854631560049,0.0038812650317511,3.0269948277901645e-05,11.528935295725915,-0.0293609316660156
-0.0489541370146484,0.4084199019451597,1.2376408657098612,1.42240698083637,0.9072414659912452,1.461942727009809,0.0046316861096122,2.4103425717779747e-05,5.892382034868807,-0.0489541370146484
-0.0156416427314453,0.2504079249644829,0.9225212816247912,1.401313589680178,0.7392085856898447,1.541850813949934,0.004152848316918,3.262852302248656e-05,6.39673391144397,-0.0156416427314453
0.0499578225478515,0.2720594104723481,1.4072375349651338,1.4640135647759984,0.7336389304407236,1.5188385587993225,0.0039436182659497,0.0001334756746309,4.794720074357878,0.0499578225478515
-0.0942620415195312,0.1068639765632635,0.4610786788762435,1.3774500098502809,0.5652992956428986,1.4368591709222491,0.0028964454179599,2.9533737370516537e-05,14.820220257617452,-0.0942620415195312
0.0927679658671875,0.3592237550244482,1.1241891304577594,1.400445633020825,0.8262776067999873,1.4374907377293251,0.0026693094578201,2.4975804922391432e-05,14.260805132762352,0.0927679658671875
-0.0449881953037109,0.6226489373497133,1.6674899243420649,1.3942238221380143,0.8603632290432928,1.4757837974865355,0.0036172559080622,1.903344032798951e-05,3.971426685810703,-0.0449881953037109
-0.0129738527050781,0.123656513108626,0.5417663599373852,1.379390758406716,0.6052222732808921,1.4146141149510925,0.0026142114266118,1.4875239671957256e-05,11.355924336783984,-0.0129738527050781
0.0246326505517578,0.3425693174617802,1.218004335130194,1.3871125589023636,0.7766857177702344,1.539101004412928,0.0030974575277255,1.9619208535229537e-05,7.480731957994689,0.0246326505517578
0.0193474197675781,0.4388243967185246,1.3567936967231928,1.4635266105110238,0.9078033140332722,1.511990950959755,0.0036652580035262,3.827052015795031e-05,5.590320621383631,0.0193474197675781
0.0063208125458984,0.4550150175072915,1.211444819164637,1.4242890552970144,0.9171861857257476,1.5157773348568735,0.0030727945763585,2.847373867175064e-05,4.685332912457466,0.0063208125458984
0.0058292802167968,0.4164469357256434,1.6347157196183688,1.3802320425541934,0.8713626087094384,1.559305537379597,0.0025500283656772,4.588286438263116e-05,5.199227464699967,0.0058292802167968
-0.0116872936298828,0.4896701526963881,1.6670670252707367,1.3905069323136827,0.8083206091571871,1.4883666303596796,0.0037835998659775,4.578247415282805e-05,9.563124516486194,-0.0116872936298828
-0.2132088953095703,0.1219970112278147,0.6294133118193976,1.349603061298135,0.6707309380735111,1.3859173342293092,0.0046224103154327,4.822121975912343e-05,12.922208124815455,-0.2132088953095703
0.2288317452226562,0.2194521206231575,0.7438492836799075,1.380254810515675,0.6844086403183658,1.497232983568478,0.0053987447709029,3.156520919709043e-05,7.005652277918685,0.2288317452226563
0.0591837220742187,0.0925205101574781,0.5938374164322732,1.437660716722274,0.6938074298656005,1.4359843379352402,0.0038038288764347,8.223998361872358e-05,6.855212532861799,0.0591837220742187
-0.066895757265625,0.4092132764024477,1.347722086333651,1.4062048000102787,0.7744187882007809,1.4475405518155404,0.0033785741594513,4.094315883123951e-05,5.053143223487031,-0.066895757265625
0.0210453239404296,0.404066832420076,1.344197174455,1.4371601010920392,0.426839703612567,1.4972008749810923,0.0080174060874854,4.709299015515032e-05,5.093261131612995,0.0210453239404296
-0.0538170044472656,0.4257594658325069,1.272965675812887,1.449921100458056,0.6255388167093909,1.417431109202603,0.0050203267756118,4.554129950645333e-05,7.82971302109253,-0.0538170044472656
0.0664436480458984,0.6200967381156116,1.47113324105692,1.4100684714770886,0.8854193690982188,1.549740469722348,0.0022248856205986,2.4969492626434963e-05,5.644411441227772,0.0664436480458984
-0.0285470890791015,0.1571773249244744,0.6747455163511927,1.4194178435997051,0.8639040898403598,1.478835714326625,0.0026310489579312,3.573891476283296e-05,9.551853490299452,-0.0285470890791015
0.0368174234316406,0.4226890957420535,1.018513800768649,1.417458460728129,0.7429518133983088,1.5146593472320975,0.0039667193714725,2.339168996374978e-05,11.50919041861894,0.0368174234316406
-0.0328134408115234,0.4486469759934477,1.5316707911069276,1.442901902520262,0.8881998359478245,1.5036984134541898,0.0038132699605395,2.715558646628123e-05,4.485695683193835,-0.0328134408115234
0.0034120277734374,0.1200542153744273,0.5974281978610534,1.4169096208040226,0.5067883513500004,1.429601023719642,0.0038441245861433,5.8726609945509085e-05,17.188255396546715,0.0034120277734375
-0.01829464084375,0.3952196388137758,1.202822717942699,1.4306928133012031,0.7989854769191593,1.5210345867319577,0.0038096892009555,3.309304763943007e-05,5.668020624913806,-0.01829464084375
0.0170826390537109,0.3351189641709302,1.0904711310844095,1.3475293383651783,0.7681002195772391,1.4900544478946172,0.0034567572909353,4.416710269946318e-05,10.387294174314,0.0170826390537109
-0.045870750758789,0.4677525159585587,1.5595287013124883,1.3936850351473635,0.8082367591656152,1.495518711550126,0.0038267413402827,4.489515503473239e-05,5.951960496992918,-0.045870750758789
0.0811878293037109,0.3723036924591966,1.0774426071603969,1.4095058296323897,0.8247668759916706,1.509973094039647,0.003311798201891,2.5409773490869208e-05,5.317552408951252,0.0811878293037109
-0.0388431179013671,0.248984782498097,1.0328856149677794,1.371704159330609,0.8491207081098437,1.51648938603942,0.0028978018489748,2.3245002112806344e-05,7.159149454953731,-0.0388431179013672
0.0278343339482421,0.5403898407936916,1.563603376090301,1.3867451827450925,0.6959276131150252,1.5162224333205525,0.0021845286642991,3.322278860157718e-05,5.603998856356582,0.0278343339482421
0.0071839607578124,0.1143997610306497,0.4916041990843927,1.413299794823713,0.7210854541072909,1.4571722212815807,0.002737794895781,2.926330938948098e-05,12.670161460047442,0.0071839607578124
-0.022845825993164,0.117631000849063,0.510113626583901,1.4069585038960342,0.6217667937754685,1.4166035637962473,0.0033284943572412,2.5839238711073943e-05,5.849305775862877,-0.022845825993164
-0.0389133222197265,0.5416000982593796,1.3847108295142465,1.4102773769890171,0.6769674718309102,1.4419079518359954,0.0021551167427892,1.7468002177649248e-05,7.717004380569525,-0.0389133222197265
-0.091254665040039,0.2393606385727099,0.8297935170383962,1.3791033255303142,0.6717027667912516,1.500161902478299,0.002465430819967,1.9252652352791586e-05,21.07301960224665,-0.091254665040039
0.1082467086591797,0.338066186732314,1.0471870768606726,1.372591765137801,0.7118146227125153,1.520932381062502,0.0029316787662681,1.5968955031099607e-05,10.694793262782191,0.1082467086591797
-0.0092551688193359,0.5399056344536278,1.215767380818773,1.3645551930637982,0.665229488946097,1.5670541405472964,0.002844229351159,2.402400421400652e-05,5.693613694201924,-0.0092551688193359
0.0204209625800781,0.6323204364588405,1.4816045409242156,1.3557396584167167,0.6550592199705059,1.5697993467723743,0.002211708132102,2.048608558032191e-05,4.437692934756819,0.0204209625800781
-0.0197069066904296,0.6393788926433462,1.5312601313700762,1.4124433848499982,0.7449804763818575,1.5693643805421624,0.0015456571567387,2.9670999314090898e-05,5.065479440035203,-0.0197069066904296
0.0155426569443359,0.5530872887474849,1.3533749962279318,1.366786215957721,0.6102721955078594,1.4911443346058355,0.0025886027552986,2.695235297944747e-05,4.72936050346401,0.0155426569443359
-0.0175229211669921,0.628818331769779,1.5462914567495292,1.4321201095326035,0.6377157004035392,1.4934969847897428,0.0022540012371849,2.954131596465541e-05,5.079925203319962,-0.0175229211669921
0.0005619235468749,0.5451382895228711,1.3312345839368631,1.342089146711121,0.5706110967590745,1.4806829953225964,0.0018487412092119,1.9679102569160246e-05,4.385014455403291,0.0005619235468749
-0.2582976911904296,0.2540754983512671,0.771767008084484,1.4154471617832929,0.2483884977709025,1.4661591622355084,0.0066967238009914,0.0036186194416179,7.303489881961839,-0.2582976911904297
-0.3618026505537109,0.2328368865713755,0.6694901633302528,1.3557396584167167,0.3727642260409625,1.5134885206190891,0.0035212136613139,4.315483700074744e-05,7.726536718651121,-0.3618026505537109
0.0878694648554687,0.4826807441215717,1.3782406263127938,1.4248803948893156,0.7185495487921134,1.4922084169063266,0.002285974112446,3.708460624129359e-05,5.077114000383572,0.0878694648554687
-0.064448483836914,0.4026690820033309,1.4340198459233795,1.4215572614400886,0.6231753149316379,1.4865356844683253,0.0047728814514899,4.6650417769982544e-05,5.268437584001116,-0.064448483836914
0.0383524357167968,0.5576244991629306,1.6016557719920457,1.444424168227229,0.6599660178210298,1.5700559855263012,0.001398391267548,2.112479114032779e-05,5.305759879414851,0.0383524357167968
0.0451272845175781,0.3898251271259833,1.106216888053329,1.3834932928829922,0.7797386025107897,1.451452374593368,0.0050964708691755,4.261103457028358e-05,5.317010213547347,0.0451272845175781
-0.2497617346513672,0.1321137745145408,0.5361453511342351,1.385735037342851,0.6741959904661465,1.365217082544816,0.007525706708344,4.190998854213873e-05,16.201634180286483,-0.2497617346513671
0.1977299558271484,0.1815918311206159,0.7244649801124929,1.4501603892734751,0.7068744700181187,1.5358406751946314,0.0029757998898772,3.822983592604732e-05,7.104215760401412,0.1977299558271484
0.021633167078125,0.3928276085601232,1.272591774144669,1.3711018108816468,0.6740266115281996,1.5181744130231185,0.0066787561699512,7.034011996942645e-05,5.7671635384805295,0.021633167078125
-0.0311826628349609,0.5330304834423216,1.4947036596270755,1.3933130357947627,0.7417601088858898,1.4660481509009031,0.00331880699929,3.5585614022729294e-05,4.745290262987743,-0.0311826628349609
0.0341769454033203,0.6469465399354444,1.449095262358921,1.3919878273552695,0.6538236541613052,1.5030063726705294,0.0020071565840795,1.9313458919271728e-05,5.427487042973413,0.0341769454033203
-0.0110016000419921,0.3073714508147638,0.8425100384011486,1.4391574963417768,0.6414003962732195,1.4639610412601354,0.0021294718575463,3.3498783559623635e-05,23.512049357050053,-0.0110016000419921
-0.0153355354892578,0.5513899649828281,1.3839551787667184,1.4060266582020955,0.6754732444011573,1.56588835805854,0.0012896612610679,2.9128593946640283e-05,12.419335295512672,-0.0153355354892578
0.0166891136230468,0.7213745501598,1.604017844964761,1.4659888055194294,0.811903556283029,1.5797024109308957,0.0022337379374414,2.4729841522277067e-05,5.546313658023022,0.0166891136230468
-0.0118917285878906,0.1008117183792981,0.4351578636284156,1.4587792799442554,0.7917894285142353,1.4062638953644142,0.0068502289123792,4.175186750433594e-05,5.431619409947307,-0.0118917285878906
0.0251834212363281,0.5504727129821866,1.3678671919417251,1.425827067678347,0.6178804474361512,1.5210462218726897,0.0021888533679901,2.688549238779215e-05,6.198064389700671,0.0251834212363281
0.0403858122441405,0.1118218272411138,0.4619437122686353,1.348166635626761,0.6135460441417648,1.487035633591642,0.0021839879025558,3.428922087015926e-05,6.051434607645321,0.0403858122441405
-0.0725733128349609,0.2970823649092823,0.8424434819224055,1.4448808248811502,0.3989193833044737,1.512685190687586,0.003501781537355,5.778269902820614e-05,17.065211196215845,-0.0725733128349609
0.026836597578125,0.4622595207721876,1.3252584705335215,1.417803292263278,0.6767429281741157,1.5014284906830526,0.0048472053153318,4.510832372490184e-05,5.4573108313061285,0.026836597578125
0.0322274819941406,0.1306904706868594,0.5779986585359561,1.420322725551025,0.3649765826479458,1.4442147015404672,0.0036291267723437,3.274216985610297e-05,4.609908825813464,0.0322274819941405
-0.0307421526083984,0.4557149643819168,1.380252046663928,1.4579317615769931,0.376518656311676,1.473880497247805,0.0037730544420417,5.341822119634111e-05,5.976437656103447,-0.0307421526083984
-0.0194385777802734,0.6006391933929726,1.4878545612693868,1.4308870548125747,0.6516221613953475,1.5399452817414645,0.0024868643898205,3.353484296269146e-05,8.001562311050572,-0.0194385777802734
-0.0389920694072265,0.3245549267001694,1.3394389438383854,1.4200464164705502,0.3444144471126349,1.4678636539469565,0.009603293472125,6.670748739024634e-05,70.74406720130312,-0.0389920694072265
0.034026343984375,0.4931576840342174,1.3326416476275706,1.4187547333201282,0.4029709831417309,1.5100818342611964,0.004152899441161,5.274984292696241e-05,7.626606837031694,0.034026343984375
0.0404444712509765,0.4642167902964182,1.4806889296897927,1.3895570218067623,0.6979831887246086,1.4515384080718756,0.0026184040543094,3.107811551306834e-05,6.885281794751231,0.0404444712509765
-0.0574236183378906,0.4442213040342843,1.499046843587558,1.4449815312741696,0.4845150165415415,1.4825469224494143,0.0066332865269186,4.235238870986212e-05,4.028564751340809,-0.0574236183378906
0.0988032042734374,0.4931586333063209,1.3967111219781465,1.3952564670270768,0.5319683751248503,1.5058625044634937,0.0040587531070271,4.390638544565649e-05,4.439706857933021,0.0988032042734375
-0.0303538141201172,0.1267394262838098,0.524764639981613,1.4228164352400308,0.7159546272110853,1.4642843040632958,0.0058098731792729,4.652881774306001e-05,10.438838711265369,-0.0303538141201171
-0.2503757230068359,0.2725494176051842,0.9064626429378924,1.4438338866386284,0.6622245225680516,1.472460639155425,0.0023808844832421,4.252212966928371e-05,12.591222655768254,-0.2503757230068359
0.2036525435400391,0.1343341134686569,0.5859016502063478,1.3947679385619896,0.7879410187343892,1.4649665842560846,0.0078827853290151,5.575784743182108e-05,8.242139495261455,0.2036525435400391
-0.0555738686718749,0.2062953579428244,0.6810061977563221,1.4426049514660506,0.7580375360424769,1.5094302989196318,0.0042716493671634,3.436165952706917e-05,6.815257949029049,-0.055573868671875
0.0600292719101562,0.2450681378309005,0.9334935101107832,1.4429759638992612,0.7819982124897376,1.4868154005180594,0.0031705832693304,3.670295281365678e-05,10.28752704583538,0.0600292719101562
-0.0001928539560546,0.5823027722939997,1.55814461804655,1.4026545297439836,0.5484196669047967,1.4782639826077846,0.0023109140321695,2.238651968714437e-05,4.403266365236705,-0.0001928539560546
-0.0218511672529296,0.6645564253517686,1.4911112507790067,1.2894556483176756,0.5930223265879295,1.5008814821179937,0.0034244494050648,2.746400510964501e-05,4.615177190185149,-0.0218511672529296
0.0239572569960937,0.4121959027495854,1.5519334179539093,1.442127087785007,0.7397572063413045,1.5181211665161485,0.0038554294009607,0.0001194932103461,4.527718085880008,0.0239572569960937
-0.016556050180664,0.3620977910622589,0.9858417948352706,1.344818484070126,0.494745890347116,1.488654551440643,0.0029001829057292,3.346559937938461e-05,9.50839994520999,-0.016556050180664
0.0299183511005859,0.4015995427028994,1.2107987693963358,1.3720621239339914,0.5856499788245673,1.4748568200201788,0.0036215415001202,3.667530165101973e-05,6.587250936268201,0.0299183511005859
-0.0488129833027343,0.1061952402471951,0.403613598599418,1.41899908455939,0.550863722852228,1.3770499663348366,0.0057950074127761,7.977484849936564e-05,11.954199995693669,-0.0488129833027343
0.0382360777529296,0.4386953158411066,1.3967050971377293,1.4647953060992562,0.6872381394417859,1.4290298874035776,0.00584468894961,4.232435750596561e-05,22.637410437771216,0.0382360777529296
-0.0417085154013671,0.6181814177770684,1.5065075316295655,1.4380777246432244,0.7082995755177395,1.4916502472269828,0.003024601705879,3.193578001134405e-05,5.6976962763154,-0.0417085154013671
0.1345675476533203,0.4029755410318782,1.2862659550003688,1.450240257910595,0.6453824672164865,1.488547439232918,0.0148158037647645,7.74882454593936e-05,4.543456470951755,0.1345675476533203
-0.039907879852539,0.0787312571842739,0.3591884948654336,1.420377286749752,0.5819873701975253,1.5173175386845532,0.004168508104048,2.955707849290018e-05,3.5864492332837266,-0.039907879852539
-0.0805920220478515,0.4842475033118026,1.5145655929593282,1.4095734941186284,0.5775255338604164,1.5151951195921374,0.0036915645096772,3.2857135728308706e-05,11.088165867010364,-0.0805920220478515
0.0336700751386718,0.588206480189561,1.6139055296938165,1.4653157077132346,0.5238789477872481,1.5180279367972918,0.0021351737611827,2.540222924256869e-05,5.727569199244014,0.0336700751386718
-0.0031231505292968,0.5774061761848441,1.5345730334699264,1.414851343432444,0.673558050479691,1.5363136604388858,0.003845696711724,3.308229779288736e-05,4.615085142215385,-0.0031231505292968
0.0186326190625,0.5346001928815463,1.406209670820832,1.3955191289852809,0.7398046782828192,1.514740551167206,0.0028608841248532,3.5706699505374136e-05,7.965875585123153,0.0186326190624999
-0.0219582382519531,0.1275140798169542,0.4752063807730604,1.4291486671248006,0.5479457701612391,1.4118953223045816,0.0044310706347105,3.686747788114635e-05,10.873042118517496,-0.0219582382519531
-0.0208040631533203,0.6153566442768247,1.322108511472485,1.4187917778472403,0.6228385830820686,1.5186520144326066,0.0037595947838332,3.034211674909466e-05,12.49654252243517,-0.0208040631533203
0.0089271004374999,0.6469391498980461,1.4126729270561995,1.410954326696485,0.6098333602097972,1.4840722188299564,0.0019666549544042,1.994109376692234e-05,5.046206250708022,0.0089271004374999
0.00201816915625,0.5761819600566193,1.5191152741408145,1.4223614586766296,0.7760593495746901,1.5406899471436153,0.0026777264731829,2.0946789711381008e-05,5.218471115468137,0.0020181691562499
0.0141397239003906,0.5622600406557583,1.4595573818080485,1.4336577011465803,0.6466632395637926,1.4792266884030827,0.0039015774228012,2.7103245842360915e-05,12.961699838763684,0.0141397239003906
-0.0203250005644531,0.6981280973827588,1.5216623015517146,1.375831347209538,0.5419908791706454,1.5747006982898148,0.0015337923801701,2.169061489510476e-05,3.156622314554842,-0.0203250005644531
0.0106652813769531,0.6280209161136403,1.5934375710876594,1.4555083170819896,0.7076233295998722,1.5505851955846472,0.0020687679889128,2.660557367473485e-05,6.774080612617526,0.0106652813769531
-0.0162303686455078,0.6644268468265643,1.5174555227224502,1.387854889799227,0.753820780783002,1.588399146498326,0.0024792309701036,2.07392219643282e-05,5.022774869329871,-0.0162303686455078
0.0016022076708984,0.647439182834064,1.5907457794219475,1.4416642359076706,0.6722075125557594,1.5041427466260957,0.002329830990012,3.031411212784601e-05,5.200474794550586,0.0016022076708984
0.0023639263583984,0.5554029978206707,1.4781019103730135,1.3636096030198377,0.645295023251772,1.5567826725043106,0.0027380770406265,2.705531874295376e-05,4.249442414368564,0.0023639263583984
0.0097676664785156,0.5607323742106192,1.410986973710262,1.4217840259251586,0.7442333126185363,1.477063325155518,0.0033630896357349,2.326334737861453e-05,4.898924699399393,0.0097676664785156
-0.0016275817558593,0.5799989065126628,1.401515355130246,1.3932918784885997,0.8159287942039528,1.545149314576918,0.0013167725909948,2.21153688993118e-05,6.180182917371001,-0.0016275817558593
0.0326104600732421,0.5941858991441497,1.350907349535568,1.4574239458425935,0.6998318753160464,1.4872771906386693,0.0025738556552815,2.942625742521636e-05,7.78430187024692,0.0326104600732422
-0.0183325728417968,0.1183089551617757,0.5083072423220546,1.4163953871823944,0.6761751444731559,1.4117356534904544,0.0034084560152507,2.7214362559618704e-05,21.66348573193907,-0.0183325728417968
-0.0370710773935546,0.5104208883562363,1.3546999957016734,1.3930601560474336,0.6724297736985383,1.471278952495456,0.0038193867970881,3.699135370609305e-05,7.508445317313729,-0.0370710773935546
0.0305698505830078,0.4854691407870138,1.499562716421747,1.4390741695357403,0.676091739721298,1.4640045563924096,0.0048276782018015,3.817353770484537e-05,6.448216624699988,0.0305698505830078
0.0785237667412109,0.4761982378026954,1.4268953367421304,1.4180648641703808,0.6981139269673209,1.476798410476408,0.0048651885866849,7.926763085212823e-05,5.869562827627041,0.0785237667412109
0.0326075164257812,0.0805422541483189,0.3631088325135506,1.4445498292670709,0.6215557761284431,1.2994562516902373,0.0068570542045058,4.065783263233899e-05,4.185613845424882,0.0326075164257812
-0.1720793842490234,0.1796355742014346,0.4048155465393687,1.4094419174669046,0.4971244732804907,1.423546696070109,0.0034220918313348,2.7446798697442637e-05,11.920291040329944,-0.1720793842490234
0.1500763017011718,0.4172776698566893,1.291884676648816,1.3916382052740273,0.3006650511510793,1.4895068823829647,0.0050136745983561,7.274825290136986e-05,3.186977778885089,0.1500763017011719
-0.0674449610283203,0.2360242758702419,1.1094567016822383,1.3645551930637982,0.1979445520011729,1.5153323378587793,0.0151672932092226,0.0001887505582673,9.128545116385135,-0.0674449610283203
-0.1625165840009766,0.3849140539392215,1.224238501785519,1.4144580205276205,0.2018988248175786,1.5200534200103322,0.0039869414455865,9.978072396572049e-05,8.831232514264721,-0.1625165840009765
0.205180924109375,0.3841946090199291,1.417770493221908,1.376752962728221,0.1716966923696405,1.5354273446892197,0.0049673695320787,1.421001453191572e-05,4.848338877993732,0.205180924109375
-0.1085309400644531,0.4141027032935381,0.948726007627309,1.4275784181404476,0.663995866027252,1.567045662865224,0.0029534751145789,2.4407953446351847e-05,33.29134341418585,-0.1085309400644531
0.0732504925537109,0.1395764329122387,0.6345530162938925,1.444064983514446,0.7717758902436955,1.454495479376683,0.0027951221109248,3.065428188269741e-05,10.815672111028595,0.0732504925537109
-0.0273725809267578,0.5270833322480694,1.3692415727371712,1.4585283199903136,0.744827423556607,1.5907330510565252,0.0023262877097695,2.662384152129178e-05,6.782309716739297,-0.0273725809267578
-0.1516153548867187,0.1854657945091771,0.5040139652565799,1.340375491494168,0.6693276034985014,1.5510490652787428,0.0044146244359524,3.276954488100009e-05,16.537339966393635,-0.1516153548867187
0.1452921728818359,0.2314435137273358,0.8832450448684961,1.4155583584387044,0.5483395819925225,1.5528702985502516,0.0019647244140261,2.40967726750716e-05,11.49123404913382,0.1452921728818359
-0.0145260106191406,0.5948492248175608,1.4692247404506238,1.3944485851620994,0.7938967442950182,1.559973988855385,0.0015318803656335,2.6473907896541494e-05,7.47183479529095,-0.0145260106191406
0.0336906136035156,0.2629975394036046,0.792435916036079,1.3182685043107178,0.6200457122371223,1.5375529373789116,0.0021110117074702,2.3753004994201e-05,11.764246875406952,0.0336906136035156
-0.0319362929736328,0.5834133598049785,1.7109981125835965,1.3498646006781927,0.7861490092244368,1.4479715771059178,0.0026605352982237,1.9514729666705468e-05,4.951114723572903,-0.0319362929736328
0.0109197764033203,0.5459025073038927,1.4715919416317855,1.385051205115866,0.6784582369141838,1.4384112186995193,0.0021446050158385,2.6997348313733588e-05,6.992526119328198,0.0109197764033203
-0.0041441919287109,0.1081422175861376,0.4152931970444269,1.449326181581125,0.682714931269186,1.3743650978829625,0.0030659552015531,1.865251571157533e-05,10.4598712928187,-0.0041441919287109
0.0017721673330078,0.4764217103670585,1.2832826427838198,1.3865604907170523,0.9007241371309104,1.4970811023481725,0.0022961071029694,2.0474226474021883e-05,4.362241333795991,0.0017721673330078
0.0053009282089843,0.6815129932786045,1.47926222765655,1.4216722880906905,0.7993980354964667,1.5244376856254256,0.0028177378668873,1.799232223969404e-05,5.032474571043736,0.0053009282089843
-0.0384412253554687,0.2175067995700292,0.5859066337978726,1.3719147694943263,0.7012623359071095,1.499250868485625,0.0010380268527697,2.687290429834709e-05,9.77455404255518,-0.0384412253554687
0.0368314321298828,0.4323782012655427,1.2644045435108535,1.4168021027537343,0.8406690632405205,1.518630051914572,0.0037677215672709,2.1341662322840352e-05,5.452244589668535,0.0368314321298828
0.0162659170029296,0.6110844713460187,1.3144830806532397,1.404421046665386,0.7835825346124321,1.5499986155254213,0.0017971665993712,2.215521158290994e-05,5.024293862049193,0.0162659170029296
-0.0315323286572265,0.6270712523508086,1.5465646706155904,1.4340345155232848,0.7716737068493837,1.5914406539634864,0.0024980013037524,2.69401960995765e-05,5.73277487510574,-0.0315323286572265
0.0455911104287109,0.5770620276423503,1.5367067188365418,1.4197244309693091,0.7290792292844426,1.5133421531469102,0.0031557961593821,2.60293476994528e-05,5.350444124765882,0.0455911104287109
-0.0424628848632812,0.132487664893913,0.5423883543764262,1.3940146125139272,0.810226463439947,1.4622834407965717,0.0024067191977014,2.6096972323654255e-05,11.726715501615969,-0.0424628848632812
0.0537476786914062,0.5580004284315663,1.5324768712979722,1.4299391862637454,0.7443618829656784,1.4914141545358832,0.0032021257370704,2.7657256061394303e-05,5.087876494669419,0.0537476786914062
-0.0263829323066406,0.1358332058885412,0.4078776545135483,1.426079082279163,0.7147913042806961,1.453173666468143,0.0083363502575744,3.698120442221015e-05,14.189192917934118,-0.0263829323066406
-0.0657002523359374,0.4702884348678249,1.5034037692668,1.4291486671248006,0.7303461381884659,1.3925705244902873,0.0025530477352652,2.6575835288533977e-05,6.124641169519939,-0.0657002523359375
0.0551835533037109,0.5572307397942884,1.5905099025485814,1.43692976744615,0.7036068549027474,1.502137560198575,0.00221173855797,3.493744932999329e-05,7.505702190474192,0.0551835533037109
-0.0629169137880859,0.2930898367403496,0.6130252555536151,1.4147283008095428,0.7757419426490113,1.482841089782687,0.0028429425028848,2.262230339931821e-05,27.48569020571988,-0.0629169137880859
0.0652801289921874,0.1941382148606711,0.6137671878327947,1.4479250842503222,0.7956846813257004,1.4491184337877605,0.0016904783114215,2.0797181550432857e-05,12.452665946605189,0.0652801289921874
-0.1159532090361328,0.1241040052541609,0.380559418392753,1.37160391718359,0.7097720941023744,1.4724804894709504,0.0037379383988067,2.5189685261518244e-05,7.707723751968158,-0.1159532090361328
0.096028937024414,0.1986852114279159,0.6466271649250525,1.386016374293077,0.7287595782730132,1.4569157488902165,0.0059604192130312,1.8285882072478856e-05,9.666535182823353,0.096028937024414
0.0348797206738281,0.4350653066435456,1.304948721665938,1.4281410301748765,0.8780301580530514,1.4453265129551456,0.0069268886209451,2.345233099313749e-05,8.062479424825666,0.0348797206738281
0.0097684764873046,0.1744533821451111,0.6328587497031403,1.419576517310861,0.6437568673507617,1.416999651202842,0.007164847671977,4.194605566013141e-05,16.46184950000624,0.0097684764873046
-0.0620488268242187,0.4345490918478238,1.2321436812926323,1.332238435775236,0.5907248463704415,1.477053506563207,0.0091634146123916,5.464728062492286e-05,4.789656527969442,-0.0620488268242187
0.0528361257451171,0.2357596741233782,1.149741635190714,1.422356067250378,0.6733637599013749,1.444424168227229,0.0102564618939067,9.668665748937862e-05,9.204265160659476,0.0528361257451171
-0.0206541225498047,0.0786674824843087,0.5298960596577568,1.469588196455188,0.6163431077050112,1.449921100458056,0.006513392578607,0.0001013689234233,8.89235039816051,-0.0206541225498047
-0.005095045696289,0.2831620219346297,1.1953200927390726,1.4123721703295578,0.596189000034383,1.4710600206133737,0.0056416544309801,7.651371064980858e-05,7.356567718028438,-0.005095045696289
-0.1906210054833984,0.1535208515330532,0.5581187816678295,1.4416346930194686,0.2573187357990809,1.497962300602209,0.0039955081562403,7.848341426000727e-05,17.035811525648636,-0.1906210054833984
0.1758888241318359,0.2057307121610043,0.7622593055202954,1.36193932883438,0.509942197594369,1.4883564820219854,0.0018197420606729,2.325604638763468e-05,7.851503182657028,0.1758888241318359
0.0359236212382812,0.4366961436919763,0.891049007124961,1.4060074584978508,0.2093003642661564,1.449889012662024,0.004031803519849,3.0266425919409985e-05,9.932192174329971,0.0359236212382812
-0.0255801478378906,0.3187170483910359,1.1984782850082951,1.4260376393256593,0.6358845584252384,1.4037204540839818,0.0025228954477324,3.421254088626803e-05,23.34634680707581,-0.0255801478378906
0.0426301597265625,0.4578610432416408,0.8242100456411396,1.4210650847779305,0.4455987656932327,1.438252984734718,0.0033067400240535,2.351085220768958e-05,10.940983720106424,0.0426301597265625
0.0059380875253906,0.352224395516549,1.1325535220961422,1.4494494424127553,0.2002374710380603,1.407173092945018,0.0219631316436822,5.43245748828853e-05,16.23217556574477,0.0059380875253906
-0.0302886994931641,0.268667524823296,0.544016443357738,1.428565249420257,0.4001336188523452,1.365528225280253,0.0135269677503806,6.213056378706013e-05,7.590041511882145,-0.030288699493164
0.0223997067392578,0.4590842647143687,1.3062516534463542,1.4727570822214522,0.4947979574516385,1.4844209580693426,0.0027019512536721,3.0806195249999094e-05,3.2241951955484467,0.0223997067392578
0.0034310656142578,0.1321969509604861,0.3962004211100541,1.4243855792638334,0.60398649418297,1.3274753952173004,0.002989498700326,1.887660440060973e-05,9.215138783166418,0.0034310656142578
-0.0428231505078125,0.4543746111404387,1.3747335387188149,1.4779581018475918,0.8998270556704933,1.419813840152601,0.0042892769171992,2.895422230887793e-05,8.144220588799328,-0.0428231505078125
0.0040710781699218,0.5076051087971678,1.4802261809540942,1.437222114843936,0.8534312363209509,1.4721781311359,0.0018418301105594,1.8637815470026403e-05,4.880445818623407,0.0040710781699218
1.4782858398437043e-05,0.5601020295186575,1.4095720459892362,1.4141317271546483,0.970432952836997,1.4603541118756045,0.002006779012315,2.390353896684614e-05,8.404577783133364,1.4782858398445717e-05
0.0118334837783203,0.5338557529480676,1.3229527282161655,1.4303005314354449,0.7797564661338083,1.4648895656906278,0.0027910300630359,2.9212080854206703e-05,3.9664898939398543,0.0118334837783203
-0.1507758908193359,0.1573285495920419,0.571466885763471,1.3534597259312942,0.793025406096993,1.41139250080737,0.0021238714354442,2.444626188330876e-05,21.53166866262039,-0.1507758908193359
0.1632114442509765,0.2673193779328963,1.0529667811781491,1.4233482899564391,0.5807106106530773,1.561234432637031,0.0032562784079844,3.061343240962292e-05,7.67028164572376,0.1632114442509765
-0.0530449050996093,0.2741255868118173,0.9585051791372546,1.469673177833653,0.8799946759138315,1.5085970394965798,0.0033436375898559,3.500507081882036e-05,30.204742293486625,-0.0530449050996093
0.0288377058505859,0.414357276694737,1.477985719122084,1.4342499415051857,0.9911871490069496,1.537661366475224,0.0026312673963709,3.685398869607916e-05,5.653414362157113,0.0288377058505859
-0.005444053383789,0.5369590604535314,1.413041869486919,1.3813999205620535,0.855632754066074,1.4242890552970144,0.0052757726195453,3.285817398118085e-05,6.751933293294246,-0.005444053383789
-0.0658330140576172,0.4618281270153411,1.514947069013178,1.3834701281640245,0.866779202240358,1.5243785348242258,0.0020857144558199,0.0011144059069417,8.948735764961452,-0.0658330140576172
-0.1027970400927734,0.5907146184735358,1.3429140654896654,1.3529690001876045,0.9023888666277124,1.6308265760340004,0.0021461078796564,6.040603778585096e-05,12.312052305181624,-0.1027970400927734
0.1813020613164062,0.3482963178641585,1.0641984856365672,1.3591517614964437,0.7726786405315367,1.6146601701645815,0.0025177164370845,5.881027842538137e-05,5.704343658793931,0.1813020613164062
-0.1134308289111328,0.2969304768532191,0.95256413866099,1.4424731774031356,0.891042522866873,1.5689234683012054,0.0035368519082195,7.283112992693884e-05,22.65763162105946,-0.1134308289111328
-0.0100927445156249,0.6008207375347462,1.4343035803062512,1.3612844482640198,0.9015892937936036,1.5811340399445646,0.0041104746968892,7.058806803069412e-05,7.605407345491913,-0.0100927445156249
0.0108428267333984,0.635308337206652,1.3862943611198906,1.3597503164984226,0.8103245145814868,1.6169074217903991,0.0016876405394245,6.556651426369993e-05,4.1148643733754655,0.0108428267333984
0.0645110766074218,0.7340509235635196,1.5758213016351157,1.3908121000220828,0.9560224975404524,1.6071028720594411,0.002753351334039,8.563821277897308e-05,5.212760669407639,0.0645110766074218
-0.0644390517490234,0.2677229400756126,0.8170977453261471,1.4947548386445402,1.025941617600901,1.6266420512640802,0.0033766269804173,7.54009459795138e-05,7.911516389490324,-0.0644390517490234
0.0819820033115234,0.6983298819767122,1.3478280802920946,1.390176574590658,0.9918354430495072,1.6241460441102535,0.0034385432109677,7.47085456997711e-05,4.962540418811826,0.0819820033115234
-0.0488842820039062,0.1641489659911622,0.5981940798524338,1.3384492517713484,0.9275668003048104,1.586914812845706,0.0056660684576297,9.15484352891223e-05,7.379049699443255,-0.0488842820039062
-0.0493246961474609,0.7546081508551594,1.297766683612297,1.4384295513741392,0.9603876193796252,1.6061189612005478,0.0022503644812481,7.322901811023831e-05,5.186091079991722,-0.0493246961474609
0.0580221857412109,0.6581260928658513,1.2258956807883583,1.3731510725252865,0.997345401805644,1.620859496207978,0.0029321647529309,7.359871029683767e-05,5.73653709420701,0.0580221857412109
-0.0185498888222656,0.6475951061231031,1.2971264165487095,1.3071656318984624,1.0397884160793502,1.60577656397486,0.0036052429323252,8.881140750701621e-05,5.3806706424312365,-0.0185498888222656
0.0359640370458984,0.6755896107648978,1.262915339959386,1.3431526546685315,1.0186059881996663,1.6209598089243609,0.002724041769161,6.970649362079543e-05,5.305775431465867,0.0359640370458984
-0.0353338507958984,0.1777064598261529,0.3749768131595274,1.4029387696338675,0.8916300287080312,1.5505205914398528,0.0033578630606373,5.576485174676481e-05,10.481354714398556,-0.0353338507958984
-0.0516694060732421,0.5115569405469991,0.8908386686704919,1.3969035176415556,0.4407671114441811,1.5823072123624222,0.0055819270137896,6.251561793988063e-05,7.873303915284486,-0.0516694060732421
0.0363809389599609,0.6947684895427767,1.1846381526184802,1.4147413968557083,0.8157982692636545,1.6279684377623866,0.0022405736720919,5.61848643308071e-05,9.216564070755243,0.0363809389599609
0.0053628009638671,0.675173864967874,1.5517445962010823,1.3608071855086594,0.9541512121071832,1.6345334828720095,0.0030249826386789,5.395884403670799e-05,5.44492363904991,0.0053628009638671
-0.0017507442324218,0.5645703000447864,1.4538369060291956,1.347774657693873,0.8980692245064867,1.602582395127226,0.003780593354418,6.072024677548521e-05,6.483814243938426,-0.0017507442324218
-0.0356273769189453,0.681598495775163,1.4743179571244398,1.315022381558951,0.8882961821102984,1.610379069902661,0.0021157160843315,5.846907716331011e-05,4.987581974678776,-0.0356273769189453
0.0149182979228515,0.5649027586392169,1.175692031210989,1.38490681750248,0.9118017227780562,1.6279896093539097,0.0027547664414629,7.078377185404318e-05,5.65641055951782,0.0149182979228515
0.0137644831982421,0.534250088377646,1.4375876555074412,1.308504228796519,0.8533045758510922,1.6040826488312274,0.0040115784582454,5.394576655765888e-05,6.364005568243034,0.0137644831982421
-0.0150411696035156,0.6775152010308282,1.474500379432588,1.4157800404483734,0.8799196121417534,1.6129402679097116,0.0025512133108214,5.252424260807072e-05,4.734505137124926,-0.0150411696035156
-0.020688043484375,0.5136252815405477,1.2964818618505491,1.2568527451975438,0.802180243758674,1.6011271671307037,0.005281081044994,6.268282979638695e-05,5.197643100078137,-0.0206880434843749
0.0501466214023437,0.3929557885088309,1.129732197381914,1.2454002079456958,0.8133157071508195,1.6062266607326872,0.0082055182019359,6.228821498395643e-05,4.36090870350078,0.0501466214023437
-0.0627942634609375,0.1449257536013932,0.5448067629510229,1.380254810515675,0.810469177007,1.591982110138124,0.0068343154074521,5.9676165356125e-05,19.79392095976524,-0.0627942634609375
0.0395164001054687,0.2279135773943904,0.5445211617129377,1.37816974137546,0.7684280034694049,1.5800928364225522,0.0030305489738791,6.336336167517261e-05,15.95668014790224,0.0395164001054687
-0.0168335920097656,0.4267364983662874,1.0761394328160512,1.4076351504836504,0.8874436735716107,1.6086147984053063,0.0062676124330914,6.751162405593755e-05,7.051375589949741,-0.0168335920097656
0.0515133969443359,0.6842116720236903,1.4537356419154233,1.3638940468239884,0.8592226554030611,1.6098802569936912,0.0023231638050175,5.938081777156087e-05,6.979623631441017,0.0515133969443359
-0.0206015186611328,0.3796680058306166,1.021142026992116,1.3904605283333815,0.9165952002870056,1.601558503301481,0.0040816728818642,7.031772211246269e-05,17.144270143855156,-0.0206015186611328
0.0052405758388671,0.6830523703653517,1.2708357495550624,1.4247979406954383,0.9254928759004928,1.626015806352619,0.0015967996766754,7.007348769371535e-05,5.415577828318567,0.0052405758388671
-0.0204085607724609,0.6659032767217892,1.291415122929647,1.4299003675597526,0.9314564287334002,1.6222966074580645,0.0026822256979371,6.928929514060535e-05,4.75640888285459,-0.0204085607724609
-0.0060517568505859,0.6276420087912791,1.449333471030843,1.3391333310646032,1.0211976630581452,1.6206588382017395,0.0039513157011863,7.880525339630019e-05,9.419314492460122,-0.0060517568505859
0.0598370138515625,0.7444014604536064,1.3384826337876328,1.4029387696338675,0.9783268047372896,1.6255289119505651,0.0034128013405122,7.836757994930588e-05,4.687694584990579,0.0598370138515624
-0.0283957091386718,0.2931751313600251,0.7148638927086798,1.348097139137573,1.0320137625175736,1.58345478740593,0.0027494571041781,7.337454965870281e-05,25.820185966894677,-0.0283957091386719
-0.0271543439033203,0.7292322350773727,1.4298523354590205,1.3755839280499054,0.9176924938838384,1.6236373299875335,0.002457923016529,7.02597139348727e-05,4.2816269654943975,-0.0271543439033203
0.0201894016796875,0.8271013167967667,1.25779231690037,1.3771379247171531,1.0401912236132689,1.6332661573739384,0.0016064519864562,6.532484594136478e-05,5.473197633927511,0.0201894016796875
-0.0072368205126953,0.7818343428498228,1.6764486227170607,1.3648157327524146,1.0598826720850516,1.6357967046904327,0.0025431845299375,7.753292204737274e-05,4.175350149388985,-0.0072368205126953
-0.0017341908300781,0.7263193290197961,1.3410801128087222,1.3521210571574738,0.9444984557631964,1.6186304242999987,0.0031891387708041,6.479381875825923e-05,5.752863485451903,-0.0017341908300781
0.02739781709375,0.6469789679190063,1.5316826628681628,1.4310528358124888,1.0153881561474627,1.6229460050801148,0.0038535886933383,6.156161726236038e-05,5.356183875000931,0.0273978170937499
-0.0227614583808593,0.3073312525058738,0.7898689355129529,1.3967754878456735,0.9361457590889444,1.5829971857433558,0.0053485234937411,5.368503227813968e-05,10.350133742933089,-0.0227614583808593
0.0151336482089843,0.5906473125415117,1.3929389038385591,1.3205876437468642,0.9343740157576286,1.5930347828642908,0.0033490948238122,5.74135623310011e-05,4.471505180146625,0.0151336482089843
0.0567660001191406,0.2520395631016739,0.7331423871042063,1.408489451599819,0.9337437219019868,1.5602241108864623,0.0040097310114172,5.650685378348272e-05,6.041537392578229,0.0567660001191406
-0.4677401571376953,0.2928466738980704,0.6778699897367098,1.4603583548444248,0.7293770880401356,1.593370100584239,0.002991134126095,6.707300620716706e-05,7.441600246133429,-0.4677401571376953
0.2220924034296875,0.3007960467319024,0.6445373552894089,1.4615989394328393,0.3785995980711441,1.520053420010332,0.1574912387052492,0.0006310650053799,8.008986617821591,0.2220924034296875
0.3193993404482422,0.0948512687266804,0.2724651066469206,1.383269215080177,0.1758637688337683,1.315837464925394,0.0416697755633119,0.0006445298835437,8.684525417974054,0.3193993404482425
0.087350262477539,0.175110530928043,0.5879901444022614,1.380523225299983,0.6954923867932168,1.5672787403655648,0.0489792811733412,0.002432087907971,6.435483342328531,0.0873502624775391
-0.1135862250439453,0.154533526891495,1.401373467947011,1.3898844141204505,0.6921045157458154,1.5871549517032757,0.0682285108497389,0.0013949432491763,7.041446559348865,-0.1135862250439453
-0.1390861905361328,0.2819407679826564,1.486283332975806,1.4154106719181383,1.0004135805609071,1.6295282211945454,0.0354986546253169,0.0003375086629985,10.857729897412158,-0.1390861905361328
-0.0356806015009765,0.3882096747017928,1.4331256608039895,1.3540642867903916,0.972208553260872,1.5972580222763813,0.0407516927249338,0.0004221320430022,10.50180478893251,-0.0356806015009765
0.0614321201171874,0.3028262691731895,1.3783515076059538,1.449228984826103,0.9029822828999244,1.6208777846878273,0.0518775879076971,0.0003896659580114,7.788638817046024,0.0614321201171874
0.0321882224189453,0.2186391766595316,0.7988143976463373,1.3760473802394444,0.8877371494953312,1.6005930653415257,0.0360201309731206,0.0005717084104078,4.464176371292611,0.0321882224189453
-0.0777396948867187,0.3470788945976204,1.2834559148947742,1.3746941407021471,0.9769723087835872,1.5709828439287197,0.0460320625097221,0.0005862429404977,9.971888006736815,-0.0777396948867187
0.0412219857685546,0.3111481884067833,1.4439522505208948,1.4043144376306531,0.8776814167391178,1.6206280493480585,0.0263193582671913,0.0008271272459566,8.069455764125408,0.0412219857685546
-0.0193406955917968,0.3471635473090027,1.3434306566881082,1.4689848481832162,0.909624635632766,1.6170306919735975,0.0412213192042206,0.0009418377000132,10.028789194752571,-0.0193406955917968
0.0313244304648437,0.2702092924627199,1.2421940171461336,1.3818504511708385,0.8349271429112779,1.6098118037884093,0.0425177461075034,0.0011818055406453,7.931084730070279,0.0313244304648437
-0.0072119396875,0.2040417810881271,0.59846573387913,1.359272370617037,0.885938856530446,1.561985476676988,0.0434011255723338,0.0013355604115387,8.451015451317483,-0.0072119396874999
-0.0502654322099609,0.4330714292922181,1.344228695834378,1.3394159721880825,0.8435317778561711,1.6021380319828544,0.0500774683033577,0.0014350781601756,9.0912015652405,-0.0502654322099609
0.0471519182480468,0.2974413691729366,1.3804634408090974,1.378134595847191,0.8777435049766114,1.6009795143280705,0.0465631950747032,0.0016454727026273,8.102710359657113,0.0471519182480469
0.0099796643642577,0.276989694883642,1.2151599937165003,1.3303024851767464,0.8772741440351028,1.6205367862731297,0.0357878708238439,0.0015245430116262,7.712767961711248,0.0099796643642578
-0.0207635860107421,0.5217139625482954,1.160170181667543,1.424139787049726,0.6652587394099796,1.5994866686898448,0.0063837231717138,8.248077062206914e-05,24.38827432530672,-0.0207635860107421
-0.0324078591123046,0.6415669974782933,1.2277834530196543,1.4118953223045818,0.9663765234781034,1.5709110478469346,0.0025203255251893,5.7088848523262165e-05,18.012917603872154,-0.0324078591123046
0.0460856330371093,0.6829545668375264,1.6274564179367788,1.4314204019429244,0.866520107316346,1.5971628189219638,0.0037619195138356,6.325382989354421e-05,7.55362656855214,0.0460856330371093
-0.0064070469482421,0.6144378872302877,1.520951246266148,1.3665260270845478,0.9631408684879416,1.6176495261234496,0.0042332064429507,6.108315781700997e-05,9.222509740658202,-0.0064070469482421
-0.0361376938037109,0.4162884263132961,0.8558383393198975,1.414219415411119,0.8463549409565463,1.5851565944513033,0.008115314660971,7.404258756811685e-05,27.7603492835411,-0.0361376938037109
0.0842368242919921,0.5622332215275202,1.028122410913565,1.4475949998872637,0.9527461994616192,1.6047653153900308,0.0029454380307341,7.035815827054297e-05,12.963191389662937,0.0842368242919921
-0.0436837223437499,0.7739975774785859,1.499234772300486,1.4087000466279007,0.9230383194164236,1.6115071923489257,0.0019806305322566,7.438408476733711e-05,4.110590624018683,-0.04368372234375
-0.0089778192050781,0.4465341928374308,0.9653758899983504,1.4159811200868102,0.9880010249779598,1.5727142184716612,0.0064662659594024,8.696144699164243e-05,23.111524520731688,-0.0089778192050781
-0.0005353011582031,0.4133582460895285,0.8675234507380989,1.457274121038553,0.9383030758982088,1.5657788480616976,0.0096028806379944,9.300230842414952e-05,16.512347237345775,-0.0005353011582031
-0.0366898000625,0.4963373887763731,1.3862943611198906,1.4117356534904544,0.5353754290694699,1.620361529005144,0.0043997734250413,0.0002524054986047,8.560059092590595,-0.0366898000625
0.0428494629697265,0.4525663801774621,1.5343474610790304,1.3347354948775356,0.680322772268386,1.6127800851527132,0.003711807922462,3.629203588164941e-05,5.777642092625699,0.0428494629697265
-0.0300097140292968,0.5196650229880049,1.363304842895192,1.3620666813088638,0.8145191759571175,1.6240633618280969,0.0024030494490769,2.6945297355349464e-05,4.312048064021653,-0.0300097140292968
0.0351469524746093,0.6023103905429572,1.6486586255873816,1.3539645373665177,0.8340034365156397,1.6076521425367645,0.0028119728178704,2.7292292933514057e-05,6.11208611920722,0.0351469524746093
-0.0493183535283203,0.2674314264560869,0.814131096904344,1.335792560466445,0.7046829236508776,1.5709524138293545,0.0042467128478137,3.727073046589047e-05,23.23871599728275,-0.0493183535283203
0.072854430484375,0.1153899093102943,0.5057170558232682,1.3738403940184485,0.6029782492605626,1.5047803352489637,0.0030108276498837,4.597594323255185e-05,6.967824427755923,0.0728544304843749
-0.0868775197607421,0.2686850853903298,0.8924182956676733,1.3774848833412936,0.667956047048238,1.5242009555020002,0.0034307355762893,3.616511974944619e-05,10.41409768717534,-0.0868775197607421
0.0381321620722656,0.3561702757473499,1.128882352970866,1.4553799025240346,0.6852098529272093,1.527314094238511,0.0061406565392474,9.37443479152644e-05,8.317458788951635,0.0381321620722656
-0.0139595431142578,0.4162825576022489,1.0136966162526988,1.4521216967535302,0.6917407953532968,1.527684203730276,0.0265727013727384,3.300121797339948e-05,11.04952779226251,-0.0139595431142577
0.0370461484257812,0.6624794965234756,1.6972992682254346,1.4680776765654902,0.7711602457707594,1.5704028012371931,0.0061405098747732,5.575910558892891e-05,5.008385969912384,0.0370461484257812
-0.0194453214697265,0.5712358937523069,1.35086392414039,1.51161601783074,0.8292441266554307,1.5593340089017853,0.0185784578336061,0.0010418210429947,7.665398892999087,-0.0194453214697265
0.0692429271445312,0.650560408832437,1.443235737520029,1.3691179385080667,0.5104659653805186,1.543776900468382,0.0064229592480882,0.000203630351887,3.764265471608345,0.0692429271445312
-0.040959374211914,0.5490405865666571,1.0731914993748364,1.4443299673567545,0.3983754909823576,1.4874707905272992,0.0262443097982277,0.0005101071482301,5.349267643806305,-0.040959374211914
-0.024166222586914,0.3907469356341428,0.6255030668642211,1.4766664947173371,0.4031681525435262,1.5295444796552675,0.0167376034321046,0.0007522622855322,14.094452841712618,-0.024166222586914
0.0176700351005859,0.514740281581985,1.2075378704904325,1.3477746576938732,0.4016518618291571,1.6089501161252544,0.0020747695940293,3.656957839785941e-05,3.9592704092557542,0.0176700351005859
-0.0092662656035156,0.1670562938243366,0.3313933003578241,1.36182924781402,0.5297002754233975,1.5585013689450693,0.0025427261759987,3.640316836797231e-05,18.809419933821992,-0.0092662656035156
-0.0230048896728515,0.650776174214134,1.3269946188385988,1.3860454138942984,0.7518032527202596,1.612284674528213,0.0019420241307171,3.997561186515762e-05,6.030901849585931,-0.0230048896728515
0.0187255811914062,0.7073097392783758,1.4066340453570132,1.3867614038008993,0.6767301679070701,1.6088702321155233,0.0024820370606612,3.085848623116282e-05,4.661071999433213,0.0187255811914062
0.0323537276972656,0.7093637521491906,1.5689602112551702,1.4487920535826273,0.8302229905119471,1.6298437043131684,0.001668468129094,3.1804656612901674e-05,4.966706769624391,0.0323537276972656
-0.0416193903457031,0.2655495441027781,0.7936431973966356,1.437920665975715,0.8773697038876334,1.586145967731096,0.0029787068037888,3.828336209584651e-05,18.99903073908609,-0.0416193903457031
-0.0059321585009765,0.7127128463420489,1.587970182809994,1.3624808859959583,0.778127473023325,1.610639081686421,0.0016285845237916,3.537492506613441e-05,6.300634454254112,-0.0059321585009765
-0.0108998099726562,0.7337586266006354,1.3552622518721622,1.380654606355871,0.8687597455504847,1.6180893162715788,0.0026583569553437,2.9216103751661365e-05,6.690032407114499,-0.0108998099726562
-0.0248150044160156,0.5673739037035095,1.3662267980690814,1.3618690488639238,0.6184389080588737,1.5909299835533544,0.0032990108170817,3.64344096213114e-05,6.418731460134186,-0.0248150044160156
0.0468377133847656,0.5749624871470802,1.5517445962010823,1.3896902631378134,0.6637452064956908,1.600392442346992,0.0030677028951708,3.004962769805804e-05,5.2490738746553465,0.0468377133847656
0.0172189655498046,0.6214802708376159,1.296565591153761,1.3989233175357705,0.7727968726397316,1.5619042184514158,0.0025253699843066,3.452833582253632e-05,5.958669971320536,0.0172189655498047
-0.3255008911210938,0.198479706574102,0.4079892996040715,1.3687769017972171,0.379707776716994,1.5336396854828775,0.0061183144704821,3.221157926174461e-05,20.78105693020848,-0.3255008911210937
0.0754621532617187,0.1852532870539996,0.4132042291011197,1.4483962163341486,0.1918751483378509,1.5014511009130342,0.0061313986917151,4.539416877207183e-05,6.8140101465527225,0.0754621532617187
0.3746668937529297,0.3348037513467689,0.6276831619014313,1.4258642824408674,0.4060264436758198,1.4757837974865355,0.0036085548088166,2.9895510361696983e-05,4.584879055762568,0.3746668937529297
-0.1392016537343749,0.5827077379150543,1.223032903279108,1.395761060619498,0.588391981330366,1.5495785599439913,0.009897403964354,2.8514375282221028e-05,19.717213628223718,-0.139201653734375
-0.0067983005595703,0.5410917725635421,1.1449782092260354,1.3865895303182734,0.4826790808175585,1.5546688290468993,0.0040994037370315,4.9176722671281966e-05,6.325893340918924,-0.0067983005595703
-0.0394362770048828,0.5227350337938257,1.3360325263390025,1.4623419738717798,0.7349976231291282,1.5493764859668482,0.0067874903620882,3.186971082359297e-05,4.628003332717071,-0.0394362770048828
0.0195190556123046,0.4753749361652181,1.3889504051780068,1.459406561434243,0.8705213251855866,1.5674207046078292,0.0032980430343184,3.234918863597479e-05,4.312901883098745,0.0195190556123046
0.036734241453125,0.3249356639927965,1.1973072823662256,1.4456520905718993,0.8028473014151674,1.5245790329339588,0.0071661753338426,3.950824588206319e-05,6.030114449465382,0.036734241453125
-0.0099949572412109,0.5667319178051495,1.1719543880724403,1.454439193179225,0.5617389762404583,1.5543556457564536,0.003467484596899,3.052041633484154e-05,6.399168321535385,-0.0099949572412109
0.0857572062626953,0.2697381817502265,0.750448034397286,1.3826944655238014,0.5545106852754924,1.4845594736380612,0.0049662729016563,4.6379700955799336e-05,4.508043511049998,0.0857572062626952
-0.0967510219951171,0.3327502042728977,0.983016002188392,1.4734120873838874,0.5390665799726753,1.512677611325839,0.0066945581197096,9.731157627971776e-05,25.3163185511836,-0.0967510219951172
0.0670101768105468,0.5063660459021105,1.480718670498646,1.4030008668944085,0.8554981143074429,1.5369974910516977,0.0035142779314254,3.4883245528588513e-05,9.596230696830274,0.0670101768105468
-0.0189975277392577,0.1324432406389319,0.3485624745677961,1.4092797914640136,0.7530619190011443,1.4872415425406662,0.0018629009881259,2.0555051066476133e-05,14.003825744272389,-0.0189975277392578
-0.0721418334902343,0.5442937429182729,1.2431935174792177,1.3950662765669986,0.8042988279840704,1.5984934762545735,0.0036467212893262,2.5238966345810783e-05,6.324217766293966,-0.0721418334902343
0.0094437207099609,0.6087344732152904,1.472236790920615,1.3762707126941476,0.9691444330680224,1.5874545038074015,0.0016248794434029,3.109306108295076e-05,5.226961865576946,0.0094437207099609
0.071020836305664,0.7042986761045927,1.563628376402806,1.4277889897877598,0.939383072831979,1.5913418896026077,0.001490652934638,3.121445031144612e-05,5.161500018771041,0.071020836305664
-0.0643719195146484,0.2053665493652646,0.8190756869009649,1.423041582791854,0.9947128629609644,1.5398542475878871,0.0045640780729275,3.651553607400623e-05,18.25569592119074,-0.0643719195146484
0.0663580024238281,0.4635894896849339,0.9955676197743476,1.34335279478391,0.5271310946112604,1.603225732372081,0.004532635095051,3.003509898709947e-05,6.514054944656298,0.0663580024238281
-0.0928268440722656,0.2902368497256322,1.078711134350815,1.486654116119233,0.162059787474476,1.494044970844412,0.040747966209027,0.0001369905894412,6.569743269369249,-0.0928268440722656
0.118430701899414,0.1775894747240842,0.4757200608679585,1.411350108024197,0.2284626414158177,1.3631009583762672,0.0126426495999023,0.0007116134273278,4.59311332358048,0.118430701899414
-0.0660427245224609,0.6787765815586412,1.288256729790371,1.4667230309098749,0.4335194966505442,1.5447169949125878,0.0094169123479709,5.054112949400064e-05,6.429859180172776,-0.0660427245224609
-0.0298106089853515,0.4548708083204391,1.2735116018534696,1.4583589732636242,0.4228914529154863,1.5483234144212157,0.0053063390314688,4.048408103153267e-05,8.979338942299448,-0.0298106089853515
0.0340499508398437,0.5475802444240785,1.6300926914648464,1.4174174494877554,0.5608803969909153,1.592186202329685,0.0021015150834339,2.9952206631605737e-05,3.21184654259584,0.0340499508398437
-0.0074454488027343,0.5775869049392808,1.4801371892302655,1.3547674155924627,0.657148618079483,1.5622576823116354,0.002076052753576,3.15054615566104e-05,4.428698654207924,-0.0074454488027343
-0.0210924501455078,0.5544352645319188,1.6281300454462528,1.4174174494877552,0.9555930208522884,1.5702969113227874,0.002431305691912,3.441230064080352e-05,4.779339916042884,-0.0210924501455078
0.0400296026142578,0.5387033877580847,1.5603171150991502,1.3812392152065842,0.898861069567539,1.567265709269309,0.0047505163669068,3.546101893643488e-05,5.5864324864773485,0.0400296026142578
-0.0898233026152343,0.4421819096048183,1.4886014392908264,1.3618448628203623,0.5483056668396098,1.566295153417827,0.0046288571397064,3.786981130731525e-05,9.462990272092256,-0.0898233026152343
0.0949753192636718,0.3453572397917016,1.4398649347514505,1.4340773965832276,0.7570404782408393,1.5566089919898023,0.0018601761401705,3.001715421202809e-05,7.059386113974452,0.0949753192636718
-0.0574296384667968,0.2717125913215242,1.4239112246911974,1.385735037342851,0.8631765868050141,1.5609286809539706,0.0021451786770524,3.0025975786140066e-05,5.414441323302361,-0.0574296384667968
0.0723555554638671,0.5114082611877943,1.5700768385535202,1.3570003420566683,0.6902406227923024,1.4849284954848274,0.0026542976641897,2.8165956493652293e-05,6.270227021050953,0.0723555554638671
0.0193344748623046,0.1201772490521911,0.4778278227166662,1.436469551131062,0.5575354660138645,1.4385633857237288,0.0055573993748872,2.329380655290595e-05,9.294799366163708,0.0193344748623046
-0.0782124847109374,0.3006479047937677,1.3275867602931126,1.4012359728850203,0.7676342481528757,1.483647942850236,0.0024364469667937,2.490424753763861e-05,7.252605237941156,-0.0782124847109375
0.0360038934716796,0.4287429760654734,1.3578024053255844,1.3568034489945862,0.966784516322194,1.530276181100976,0.0054906466968064,2.9953372471653715e-05,5.3865324345292045,0.0360038934716796
-0.0438433172167968,0.2237208352095893,0.8587696843090479,1.4424731774031356,0.769349592549267,1.4464170981391096,0.0023642385673989,1.8660434894498225e-05,16.29141008978769,-0.0438433172167968
0.0127040858720702,0.2401872386103103,1.40795585790107,1.3660801819159307,1.0008175529954615,1.5566349068981995,0.0053657534045102,6.670822402702741e-05,7.037149608867357,0.0127040858720703
0.0739592811464843,0.3093207088087474,1.504888098077263,1.3623965575361203,0.5957264615627071,1.5681598615237444,0.0015802685651088,1.992808607383923e-05,7.705251165379943,0.0739592811464843
-0.0899030384433593,0.5430387755376138,1.7546820514451555,1.356757770987755,0.9276511369001316,1.5508808251701718,0.0015365394024719,2.228394970586216e-05,4.853094526196352,-0.0899030384433593
0.0975767678457031,0.3691651710364047,1.539263705901318,1.4241229173056296,0.9283157285755036,1.5538455875469008,0.0021284167222347,2.2894593862048443e-05,8.400856995435696,0.0975767678457031
0.0008454390439453,0.1971299943280838,0.909866197792534,1.3670472424006828,0.9077812983627748,1.5477350267483236,0.0024866079255686,3.2207994934571096e-05,8.952711503690692,0.0008454390439453
-0.239557984040039,0.0997256793601727,0.5730805175124236,1.4442003393830924,0.750751242507115,1.4583589732636244,0.0028548162595436,2.652652815709493e-05,15.098199475140236,-0.239557984040039
0.0548609727363281,0.0982292662813914,0.9330415422989704,1.4490735080483987,0.9558105235412948,1.5101357044679506,0.0043086372140169,3.522182023402176e-05,4.071355880465946,0.0548609727363281
0.2696078588261719,0.1840187849065041,1.5850693214171427,1.419086926475742,0.9484263535909584,1.4822534036681665,0.002026100194694,2.419792267559245e-05,8.610157367220978,0.2696078588261719
0.0393865869843749,0.0756021060648819,1.414732296440424,1.4444028789997645,0.9767648369727152,1.40287909297808,0.0019719092173349,2.4481775965716868e-05,4.240798697950448,0.0393865869843749
-0.3363698350859375,0.1096029433612502,1.4208746947166695,1.414640612553072,1.0647672207931551,1.4404705628045629,0.0043516689407605,2.6034546313690407e-05,9.052879292789669,-0.3363698350859375
0.022932908852539,0.0885337185434841,1.4587776375466106,1.3708073180630451,1.0346534246514945,1.4021046884877553,0.0045190750995566,2.615561313853504e-05,4.609082128985269,0.022932908852539
0.2444484886630859,0.2884698490226599,1.4000876832522264,1.40482417527339,0.9625114427241894,1.5005003669681227,0.0024119115601928,1.992658949892399e-05,5.393083610323611,0.2444484886630859
-0.1090473125380859,0.0766589167374775,0.5667909141930736,1.384684145270891,0.9709355988359164,1.4526061505750358,0.0036231178195525,3.566578754245974e-05,13.303532638454358,-0.1090473125380859
-0.0621225868974609,0.2949370109442139,1.3425329679240774,1.36190253843868,1.0131436300644978,1.4904896048302745,0.0022157661829014,2.748483074181956e-05,7.175032034635945,-0.0621225868974609
0.0611624988281249,0.3341215830301076,1.5500836697849176,1.4591827669483517,1.0309647214739577,1.5151539395817215,0.0018451554939851,2.5733513618613385e-05,8.339231829682275,0.061162498828125
-0.0378906486503906,0.2500009897855051,1.498772344546581,1.431627662652164,0.9156054138452244,1.519421229749991,0.0027369503239477,2.6986867544648704e-05,9.280557353022918,-0.0378906486503906
-0.0403503344677734,0.2461172008050745,1.498506351726819,1.367240275175727,0.9794590924145772,1.471570188387482,0.0025468861965105,3.048024909425549e-05,8.420371700218583,-0.0403503344677734
0.1114046518603515,0.1078245826129855,1.3233050269691486,1.3580566120578506,0.939322227884809,1.464572714609111,0.0033111827276061,2.5140881066687886e-05,4.705922392229972,0.1114046518603515
-0.050132127133789,0.2594110844795627,1.4584452578234617,1.4665090082913408,0.995104371103798,1.5685500244275437,0.0013029177462291,2.4857475948629527e-05,16.624977712863274,-0.050132127133789
0.0431462555976562,0.3369870483456371,1.4679056965660535,1.443236396303601,0.996405717460156,1.5810632750072855,0.0022048020516416,3.041681841226598e-05,7.097006178839143,0.0431462555976562
-0.0505682600185546,0.4187598277177742,1.4389380946053127,1.4018641898797888,0.976706627134301,1.559881327975579,0.0025938801374741,2.208379176007512e-05,8.788712785896937,-0.0505682600185546
0.0404604904238281,0.4511550469749377,1.4596256342054403,1.4410276809403315,0.9895043524547172,1.598664704480923,0.0021374746474696,3.121233735332735e-05,7.184263282734372,0.0404604904238281
-0.1442114999736328,0.1212936176930563,1.3059944187182475,1.4475968266699897,1.089865953371727,1.4758296600336478,0.0022926264093905,3.116163155461443e-05,11.38152956053541,-0.1442114999736328
0.135376362133789,0.0971814468940072,0.628665492135299,1.4308870548125747,0.9969654713603062,1.442454863206868,0.0067902333152371,3.525870484912374e-05,5.29590861573448,0.135376362133789
-0.125695111211914,0.0751402346769542,1.323939246963263,1.4227708572049678,0.9930899092695298,1.367898505391877,0.0048478938189891,4.0773530532909085e-05,6.606706841704556,-0.125695111211914
0.071953487368164,0.0755467391063335,0.3641863451379418,1.311696036523503,0.6154557355736325,1.4460825229214636,0.0038755023197954,4.474813518602978e-05,6.811747022841755,0.071953487368164
0.0956411695234375,0.3324640201017419,1.4081531549323898,1.414851343432444,0.93325243339656,1.5044920859158042,0.0015791787304756,3.5489847953046184e-05,7.005510622906651,0.0956411695234375
-0.0620886560390624,0.3576319962907641,1.0188888148360713,1.3867538101523706,0.8844235095740252,1.5126851906875858,0.0050506851948946,4.086663127154389e-05,5.638498281614923,-0.0620886560390625
0.0443996916982421,0.2474566628643523,1.1704995181814255,1.4976270170036994,0.9457218406609682,1.471855966718206,0.0242910184420877,6.559171343379276e-05,8.971059187011923,0.0443996916982421
-0.0526003494970703,0.3129488765706954,1.414175844364411,1.4264500815651682,0.8621032894634735,1.5303864211267508,0.0016042770781618,2.9682758276262837e-05,14.409491756312118,-0.0526003494970703
0.0245990273886718,0.3775299207517485,1.236263151587871,1.3663483160139829,0.8464022395213804,1.5714372652966664,0.0024150938831195,2.262902835679528e-05,14.587106914339293,0.0245990273886718
-0.0782843052939453,0.1416208427078366,0.3726752852851735,1.3452105530877572,0.6521146810195835,1.5240874408211371,0.0048348479564519,2.9379426424975237e-05,8.179284504262663,-0.0782843052939453
0.0408296868798828,0.3408910927375956,1.208761321057733,1.3247242658084544,0.8846478724720277,1.583188110720842,0.002497499248434,2.5256277823909383e-05,14.72081120629738,0.0408296868798827
0.0657524509755859,0.4252382333586433,1.441163571365705,1.417458460728129,0.8931324766621644,1.549725541921236,0.0025417937706027,2.8163675210570657e-05,5.884367369468189,0.0657524509755859
0.0190519646044921,0.0970304552857916,0.4216705661493078,1.423630901651302,0.7608177098456879,1.49809636420604,0.0012437754700704,2.530308629163456e-05,6.816741825593419,0.0190519646044921
-0.0960737577158203,0.3604653196730679,1.3067417294179369,1.392564759299577,0.8496949159295135,1.5596508654141663,0.0023483951949148,2.2762629640128928e-05,7.6489929979575155,-0.0960737577158203
0.0175992798935546,0.377095062218404,1.3264474451106385,1.3490543823607974,0.7372348193638762,1.5733808584418665,0.0046605603776729,2.3527177156861155e-05,8.122699204482787,0.0175992798935546
0.009346388430664,0.5007316854794666,1.3847306391437078,1.4314642802186088,0.8573915925311884,1.5644591397898702,0.0029100204832752,2.527088239445673e-05,5.244433408052807,0.009346388430664
-0.0017964929511718,0.2367904651553916,0.8875396435448902,1.3522839315845745,0.6364198343007401,1.521194614875708,0.0028454266648597,2.9491212020838643e-05,40.11398951083423,-0.0017964929511718
0.0235473115771484,0.1638026611838218,0.667557409560949,1.3572980977092075,0.6040802797428624,1.4256600320387411,0.0021172040731652,1.9719978657077915e-05,17.256384110554688,0.0235473115771484
-0.0382542989902343,0.5629527514962066,1.4569525119259032,1.3579649285194422,0.8359826257746366,1.545243156710515,0.0024809750486947,2.6176824661135567e-05,5.507495990759732,-0.0382542989902343
0.0198562445615234,0.452128937935369,1.5783133689301707,1.4585283199903136,0.7825961747372787,1.3878548897992269,0.0032532859487453,2.0931554931376645e-05,5.149190283404441,0.0198562445615234
0.0063680048134765,0.4856628906056139,1.4802261809540942,1.416580420744065,0.9867210608755168,1.5080471155920052,0.0029479989476217,1.8195903072755168e-05,4.576660521558044,0.0063680048134765
0.0058819302646484,0.2009678369631191,0.6205157362290856,1.4160672438371278,0.6581917935663184,1.500728739965663,0.0016870000597047,2.277045934991136e-05,9.770317647801011,0.0058819302646484
-0.0488734045029296,0.3514651757022798,1.324316660843993,1.4104228010555948,0.8221225022031415,1.512094642830141,0.0048051163112597,2.072951737981725e-05,5.698077203045028,-0.0488734045029296
0.0547101333144531,0.3667917377608453,1.3848967368532528,1.3605004036884312,0.8481742374646903,1.4730881128349371,0.0029375235188383,1.8426024239624847e-05,5.919191902666054,0.0547101333144531
-0.028833650618164,0.4409987787861728,1.421385680931161,1.4154131583724654,0.908817332729548,1.5392876749579132,0.0022196572110645,2.2581256463777803e-05,7.728424491962063,-0.028833650618164
0.0006373797841796,0.4658861675829294,1.4370002346874615,1.3722729291572369,0.849340376379895,1.5233146088899558,0.002051953088554,2.2128730424398275e-05,8.547031504097278,0.0006373797841796
0.02740441159375,0.4595600502514276,1.4271163556401458,1.3942772744721312,0.9825995954645554,1.5276306556443346,0.0024870838031883,2.073515362520436e-05,5.001891608786629,0.0274044115937499
0.0481055473984375,0.4387493839050942,1.3567936967231928,1.3581922416006855,0.918258303334882,1.5532969312324243,0.0034097995325236,1.900242345215134e-05,5.5790510326711615,0.0481055473984375
0.0190957376230468,0.0864742150171676,0.2836908478359791,1.3714820305223312,0.5476772640637093,1.4387989928199842,0.003438242180641,2.360435691136445e-05,13.790394326499896,0.0190957376230468
-0.073141707571289,0.1248426752752096,0.3760688942744247,1.399470247993584,0.8879845292219519,1.4657570830782636,0.0057654527844882,2.0229861550769334e-05,20.096148546873373,-0.073141707571289
-0.0206142233427734,0.4629937826158501,1.3118798755538073,1.410259584185763,0.9590227487584552,1.525839768189705,0.0038059000916531,3.04366899293682e-05,14.32724586449903,-0.0206142233427734
0.0439399147158203,0.2308102891600491,0.5676901468577088,1.3246549592651369,0.7830736438051065,1.5148997311106234,0.0026900541581095,3.1053999806366484e-05,10.210125392292069,0.0439399147158202
-0.048576013024414,0.5943924787038369,1.5683265241916693,1.444424168227229,0.9499258029079698,1.582821546660309,0.0017959225753317,3.5996410706239694e-05,9.989103061353823,-0.048576013024414
0.006812605071289,0.5783886456464803,1.4066552837688058,1.3793431700533023,1.0160773763702884,1.5487466541555015,0.002260202352739,2.3945695662675545e-05,6.18068421573587,0.006812605071289
0.0196056974814453,0.4750583999073596,1.4920680145650431,1.3802320425541934,0.9269173280945128,1.535691661680823,0.0033192148384058,2.938898245136212e-05,4.142491790496704,0.0196056974814453
0.022762018852539,0.1048867081867045,0.4274440148269396,1.3658183244023203,0.7807272807351189,1.503277662305673,0.002446014290656,2.7698055839443625e-05,8.910176980758262,0.022762018852539
-0.0415495592617187,0.4094995900155987,1.5040773967762742,1.3905230316706314,0.7928710843326305,1.5559090544580272,0.0030851944004396,2.578591830535622e-05,4.211538176155763,-0.0415495592617187
