Time,Channel 1,Channel 2
0.0024,-99.4986,-160.7971
0.0055,141.9497,-81.5637
0.0095,-114.1386,-26.3885
0.0139,-48.2123,183.8396
0.0176,171.793,82.7922
0.022,-100.2366,16.8955
0.0252,133.1868,-198.2731
0.0293,-126.0553,-96.6002
0.0326,-59.5403,149.6892
0.0365,73.4068,73.8825
0.0408,-47.9822,20.9045
0.0443,164.4766,-187.6082
0.0486,-110.5329,-84.3352
0.0528,-54.9473,160.6827
0.0556,-16.646,81.6451
0.0594,5.1818,27.0819
0.0643,194.1056,-184.0005
0.0686,79.3048,-82.6643
0.0722,-170.4291,160.8978
0.0759,-91.8014,81.4254
0.0794,-36.065,26.5012
0.0833,176.9791,-184.6677
0.088,78.2,-83.4371
0.0913,-163.9859,160.5528
0.0953,-82.4035,81.1842
0.0989,-26.4029,26.3544
0.1035,185.1274,-184.7408
0.1072,84.0041,-83.4599
0.1107,-160.5528,160.3846
0.1147,-80.6001,81.3202
0.1193,-25.745,26.4485
0.1221,185.0842,-184.6844
0.1269,83.4328,-83.4325
0.1309,-160.9478,-16.2709
0.1349,-81.0121,197.5152
0.1379,-23.1189,96.3118
0.1425,182.8705,-150.2125
0.146,82.261,-73.3866
0.1494,-161.9092,-20.6697
0.1537,-81.176,186.9683
0.1571,152.0676,84.0553
0.1615,68.099,-160.7297
0.1655,13.139,-81.5645
0.1702,-195.5919,-26.4242
0.1739,-91.2431,183.6171
0.1776,156.0324,82.8616
0.1811,-99.6402,16.9282
0.1854,142.2637,-198.2649
0.1888,-114.1693,-96.431
0.1931,-48.2398,149.5622
0.1967,171.4216,73.0996
0.2012,-100.021,21.3189
0.2053,133.3171,-187.3495
0.2083,-125.8159,-84.2007
0.2125,-59.8111,160.7304
0.2168,-14.2735,81.6401
0.2198,9.6429,27.0507
0.224,199.2288,-184.04
0.228,25.9396,-82.7012
0.2313,-128.312,160.6933
0.2358,-66.1029,81.52
0.2401,-23.193,26.5583
0.2431,181.236,-184.6398
0.2476,76.952,-83.4288
0.251,-167.6752,160.5495
0.2553,-86.7177,81.1755
0.2593,-30.3017,26.3445
0.2635,182.1077,-184.7498
0.2669,81.9518,-83.4668
0.2718,-161.7574,160.38
0.2755,-81.1634,81.3175
0.2785,-25.8825,26.4473
0.2831,185.189,-184.6847
0.2873,83.8194,-83.4322
0.291,-161.0076,-16.0953
0.2946,-80.766,197.2257
0.2986,-25.734,96.3579
0.3031,184.834,-150.3519
0.3067,83.4413,-73.2474
0.3101,-161.158,-20.4112
0.3146,-81.1237,186.8939
0.3176,151.9268,84.1728
0.3216,67.883,-160.884
0.3256,12.9212,-81.657
0.3296,-195.7734,-26.1189
0.3336,-91.375,183.3743
0.3381,156.1237,82.7288
0.3419,-73.8871,-161.1896
0.3454,125.1589,-81.1503
0.3484,-124.469,-25.9816
0.3529,-53.2834,184.1738
0.3574,170.466,83.382
0.3614,-99.938,17.341
0.3644,134.7953,-197.9779
0.3684,-124.0482,-96.4327
0.3731,-58.0212,149.7626
0.3767,163.7105,73.0195
0.3803,-105.7017,21.4584
0.3843,129.825,-187.296
0.3888,-127.2368,-84.2005
0.3939,-60.6251,160.7031
0.3957,-14.4616,81.6034
0.3999,10.1589,27.0153
0.4039,200.0185,-184.0685
0.4079,84.6892,-82.8966
0.4125,-166.2357,160.971
0.4154,-88.761,81.468
0.4197,-34.4865,26.5208
0.4236,177.8869,-184.6633
0.4275,78.4331,-83.6163
0.4311,-164.3146,160.4849
0.4368,-82.6146,81.3601
0.4388,-26.8677,26.4506
0.4442,184.6116,-184.7021
0.4472,83.9002,-83.4573
0.4505,-160.7773,-16.2952
0.4545,-80.323,197.1452
0.46,-25.2574,96.5276
0.4632,184.7213,-150.2576
0.4664,83.395,-73.208
0.471,-161.1621,-20.4067
0.4741,-81.1055,186.7046
0.4787,152.1285,84.4414
0.482,67.7943,-161.1262
0.4858,12.8736,-81.5951
0.4905,-195.9669,-26.2615
0.4943,-91.2602,183.5011
0.4979,156.2021,82.6223
0.5019,78.4856,-161.0477
0.5059,25.1409,-81.255
0.5109,-184.6338,-25.8451
0.5138,-83.0426,184.2358
0.5167,161.7657,82.8699
0.5208,-96.504,-160.3923
0.5256,143.7046,-80.8522
0.5291,-113.1453,-25.8159
0.5333,-49.0057,184.4182
0.5364,171.0922,83.4501
0.5404,-101.2955,17.3068
0.5444,132.6499,-198.0587
0.5491,51.3067,-96.5238
0.5521,-176.4505,149.5067
0.5562,92.3899,73.0728
0.5626,-141.333,21.4865
0.5646,118.7958,-187.2858
0.5686,54.8514,-84.3763
0.5728,-166.6694,160.6368
0.5769,104.4069,81.6047
0.5801,-130.0434,27.2263
0.5832,127.9591,-183.9609
0.5872,60.482,-82.8604
0.5913,-162.7653,160.7891
0.5953,106.2317,81.3802
0.5994,-129.0736,26.6715
0.6027,127.9738,-184.5909
0.6069,59.8281,-83.4214
0.6109,-163.301,-1.0715
0.6149,-1.1303,187.2858
0.6189,-58.8802,90.3417
0.6228,169.5892,-153.3242
0.6269,80.1753,-74.1477
0.6308,-157.3593,-20.0928
0.635,-73.9924,187.6092
0.6382,158.5031,85.4952
0.6422,73.5765,-160.1756
0.6462,17.0139,-80.8599
0.6502,-192.6771,-25.7625
0.6542,-89.8446,183.7935
0.6576,156.7629,82.9337
0.6616,78.5113,-161.305
0.6656,24.8872,-81.2355
0.6701,-184.9879,-25.8616
0.6731,-83.2126,184.2036
0.6771,161.3691,83.1853
0.6811,81.2898,-160.6525
0.6852,26.602,-81.0136
0.6897,-183.7622,-25.7239
0.6928,-83.4982,184.2746
0.6974,160.8808,83.2098
0.7014,-97.2835,-151.9016
0.7054,143.1125,-86.7803
0.7088,63.4735,-29.3886
0.7128,-165.485,182.491
0.7169,100.8658,83.0479
0.7205,-135.5838,17.582
0.7246,122.3371,-197.4824
0.7286,55.6027,-95.891
0.7326,-166.0797,150.0604
0.7356,104.4627,73.4913
0.7396,-130.4466,21.7641
0.7436,127.3888,-187.1279
0.7476,59.9231,-84.3071
0.7516,-163.0478,160.6488
0.7557,105.9645,81.5852
0.7597,-129.4624,27.1939
0.7638,127.7638,-183.9945
0.7678,59.746,-82.8888
0.7713,-163.3035,160.7682
0.7743,105.7121,81.5419
0.7788,-129.4949,26.5492
0.7828,127.4997,-184.4881
0.7868,59.9332,-83.0454
0.7907,-163.4415,87.6249
0.7947,-71.5831,128.5202
0.7987,164.6903,54.9359
0.8027,80.9994,-170.6786
0.8067,23.8045,-79.2611
0.8096,-187.896,-18.0415
0.8135,-86.2124,193.1679
0.8186,158.6593,91.5574
0.8216,79.3668,-154.7146
0.8256,25.0616,-76.6401
0.8301,-185.1933,-22.9013
0.8341,-83.5782,185.468
0.8381,160.9836,83.7123
0.8411,81.135,-160.9446
0.8451,26.2421,-81.5018
0.8491,-184.3412,-26.2295
0.8531,-83.3907,183.8463
0.8571,160.9727,82.8944
0.8611,80.8488,-160.8595
0.8651,26.2134,-81.1422
0.8691,-104.2175,-25.9653
0.8733,-136.3051,184.3666
0.8763,129.2535,83.4575
0.8802,-112.9752,17.3433
0.8843,138.6405,-198.1886
0.8883,65.3567,-96.3668
0.8933,-160.6569,149.6092
0.8963,106.3833,73.1298
0.9002,-130.654,21.5104
0.9042,126.1231,-187.2829
0.9082,58.1545,-84.2097
0.9119,-164.5979,160.509
0.9159,105.1415,81.5224
0.9199,-130.2964,27.1815
0.9238,127.2417,-183.9789
0.9274,59.4732,-82.8615
0.9314,-163.4014,160.972
0.9352,105.8958,81.4514
0.9392,-129.548,26.4979
0.9432,127.5091,-184.6855
0.9472,59.973,-83.4593
0.9512,-163.3928,160.3571
0.9552,105.4754,81.2829
0.9592,-129.0666,26.4125
0.9622,127.4964,-184.7136
0.9662,59.7086,-83.4532
0.9708,-163.5665,-16.1086
0.9748,-71.6355,197.2186
0.9778,165.0344,96.3552
0.9818,80.7881,-150.3519
0.9858,23.5189,-73.246
0.9898,-187.8208,-20.4092
0.9944,-86.1397,186.7207
0.9974,158.7183,84.4643
1.0021,79.2336,-161.1037
1.0051,25.0274,-81.5766
1.0093,-184.9956,-26.2483
1.0137,-83.4702,183.6845
1.0177,161.0271,82.5116
1.0216,81.1379,-161.1155
1.0255,26.2236,-81.2893
1.0294,-184.3676,-25.8562
1.0332,-83.5916,184.2385
1.0368,161.0664,83.2294
1.0404,-97.1611,-160.6112
1.0448,143.1814,-80.9808
1.0485,62.9779,-25.701
1.0525,-165.1357,184.2884
1.0556,101.0646,83.3918
1.0604,-135.6714,17.2952
1.0639,122.4673,-198.0444
1.0679,55.2975,-96.4985
1.0725,-165.8562,149.7084
1.0755,104.5695,73.1556
1.0795,-130.418,21.3189
1.0835,127.3724,-187.3783
1.0875,59.7113,-84.2393
1.0915,-163.1488,160.5182
1.0953,106.1127,81.55
1.0993,-129.3865,27.2138
1.1033,127.7897,-183.7745
1.1073,59.9168,-82.9538
1.1113,-163.4375,160.9181
1.1153,105.6194,81.4264
1.1183,-129.5507,26.4921
1.1223,127.6477,-184.6806
1.1263,59.8104,-83.4496
1.1303,-163.5074,32.3785
1.1348,1.9282,165.3485
1.1383,116.2198,77.1235
1.1423,51.9947,-159.8043
1.1463,9.5818,-76.0581
1.1503,-192.0928,-19.3284
1.1543,-84.0142,189.7931
1.1583,162.5434,87.8607
1.1622,84.1547,-158.2957
1.1662,29.4966,-79.3754
1.1697,-181.5218,-24.7348
1.1737,-80.9259,184.5861
1.1777,162.309,82.9448
1.1817,81.7272,-160.997
1.1847,26.3563,-81.3527
1.1887,-184.4922,-26.0024
1.1927,-83.6521,184.0748
1.1968,160.699,83.0846
1.2008,80.6156,-160.7215
1.2048,26.0409,-81.0546
1.2088,-184.1694,-25.7434
1.2122,-83.932,184.2693
1.2166,160.8576,83.2129
1.2206,-97.2667,17.2398
1.2244,143.1469,-197.8518
1.2284,63.5111,-96.2113
1.2325,-165.4522,149.4699
1.2355,101.0657,73.2129
1.2406,-135.6824,21.3434
1.2438,122.1019,-187.3748
1.2481,55.5126,-84.2473
1.2511,-165.9048,160.5057
1.2552,104.0436,81.7124
1.2593,-130.0489,27.0882
1.2637,127.6132,-184.0267
1.2678,59.8451,-82.8778
1.2708,-163.093,160.9747
1.2754,106.119,81.4633
1.2795,-129.4067,26.5126
1.2837,127.7593,-184.6719
1.287,59.8863,-83.2735
1.2912,-163.4628,160.2495
1.2956,-18.7112,81.2179
1.2988,-47.9204,26.3806
1.3029,176.5389,-184.7231
1.3058,84.2275,-83.4495
1.3098,-156.1886,19.9692
1.3138,-74.5025,173.5422
1.3178,157.2161,82.0766
1.3223,72.4601,-157.3624
1.3264,16.3508,-75.1488
1.3298,-193.6942,-19.7122
1.3335,-90.3449,188.9852
1.3376,156.4387,87.4981
1.3416,78.3329,-159.4181
1.3456,24.639,-80.1715
1.3496,-184.8792,-25.2271
1.3536,-83.2894,184.3339
1.3576,161.5603,82.8591
1.3616,81.5861,-161.3327
1.3656,26.5516,-81.0593
1.3687,-184.3324,-25.7858
1.3731,-83.3628,184.2149
1.3771,161.1806,83.1615
1.3801,-97.1253,-160.5152
1.3842,143.1707,-81.1671
1.3881,-113.7182,-25.8256
1.3932,-49.3257,184.2169
1.3961,171.3069,83.3597
1.4001,-101.1927,17.2889
1.4042,132.5025,-198.2114
1.4091,-125.7827,-96.3695
1.4125,-60.2231,149.9675
1.4162,162.3446,73.0872
1.4261,-106.7549,21.269
1.4274,129.2874,-187.4102
1.4282,49.5961,-84.2566
1.4312,-176.6699,160.6865
1.4351,-12.6034,81.6099
1.4398,-71.4471,27.0327
1.4432,161.407,-184.0486
1.4474,75.1185,-82.8787
1.4512,-159.7712,161.1597
1.455,-75.1584,81.3623
1.4595,-19.3623,26.4568
1.4632,191.0359,-184.6949
1.4669,88.6721,-83.6258
1.4712,-157.4944,160.6634
1.4751,-78.8912,81.2546
1.4784,-25.0214,26.3922
1.4825,185.0027,-184.7263
1.4868,83.4766,-83.4598
1.4905,-161.3722,160.3774
1.4946,-81.4297,81.3103
1.498,-25.9129,26.439
1.5021,184.2345,-184.517
1.506,83.0781,-83.5529
1.5091,-161.3377,-16.3436
1.5138,-81.0034,197.3043
1.5179,151.8307,96.241
1.5218,67.8671,-150.0241
1.5255,12.9493,-73.2722
1.5341,-195.7275,-20.613
1.5362,86.3862,186.9857
1.5372,39.0999,84.3998
1.5415,8.12,-160.9763
1.545,-9.1894,-81.7226
1.5491,-195.2816,-26.5099
1.5531,-78.6496,183.7583
1.5563,172.614,82.7453
1.5604,-84.1899,16.6992
1.5642,154.6697,-198.1624
1.5684,-105.2709,-96.5258
1.5715,-43.0137,149.7323
1.5753,174.3933,73.2018
1.5801,-99.4158,21.3687
1.584,132.7777,-187.3351
1.5877,-125.9761,-84.207
1.5917,-60.7995,160.7146
1.5956,161.4948,81.622
1.5997,-107.25,27.0345
1.6032,128.884,-184.0523
1.6072,49.6588,-82.8846
1.6116,-177.0786,160.9786
1.6151,-84.9706,81.4722
1.6188,-24.3472,26.5224
1.6231,189.9084,-184.6632
1.6266,89.3696,-83.442
1.6307,-155.6278,160.5439
1.6342,-76.7424,81.1748
1.6378,-23.4446,26.3464
1.6431,186.3665,-184.7469
1.6463,84.1479,-83.4639
1.6504,-160.9964,64.0843
1.655,-81.0948,144.563
1.6584,-26.3566,64.5979
1.6624,184.3419,-165.9458
1.6657,83.1001,-77.8699
1.6707,-161.3632,-18.6054
1.6744,-81.2241,191.6954
1.6784,151.8975,89.8693
1.6819,67.545,-156.0501
1.6862,13.0076,-77.9167
1.6902,-195.4837,-23.7544
1.6933,-91.2053,184.9781
1.6975,156.0275,83.3177
1.7013,78.398,-160.8728
1.7054,25.288,-81.3775
1.7092,-184.5663,-26.0995
1.7133,-83.0274,184.1322
1.717,161.7513,82.8614
1.7212,-83.2245,-160.8757
1.7247,134.9364,-81.147
1.729,-118.617,-25.9634
1.7328,-51.4987,184.3716
1.7368,170.3807,83.2881
1.7405,-100.7947,17.4635
1.7444,133.338,-197.9402
1.7479,52.1487,-96.2699
1.7528,-175.6732,149.4365
1.757,93.0014,73.0231
1.7595,-140.9112,21.4559
1.7646,119.2231,-187.3013
1.7685,54.1581,-84.2064
1.7721,-166.4196,160.5229
1.775,104.7486,81.5394
1.7836,-129.8879,27.3722
1.7868,127.9924,-184.0815
1.7887,59.7464,-82.7472
1.7917,-162.3698,160.828
1.7957,106.6158,81.1992
1.7997,-129.1111,26.5834
1.8041,127.7259,-184.6161
1.8068,60.0398,-83.5852
1.8108,-163.4146,88.7166
1.8146,105.4118,128.5131
1.8184,-128.9658,54.8906
1.8222,127.3144,-170.7358
1.8262,59.4122,-79.4898
1.8303,-163.3457,-17.7941
1.8341,-71.7119,192.9175
1.8381,164.8183,91.6191
1.8416,80.7122,-154.678
1.846,23.8782,-76.6228
1.85,-187.6494,-22.7216
1.8535,-86.094,185.3502
1.857,158.3413,83.6368
1.861,79.4041,-160.9855
1.8656,25.1,-81.5178
1.8696,-184.9857,-26.055
1.8731,-83.6693,183.7388
1.8772,160.9297,82.8355
1.881,81.1094,-160.8836
1.885,26.0602,-81.1441
1.889,-145.0025,-25.7805
1.893,-109.0697,184.2657
1.8973,145.4794,83.0519
1.9008,-104.828,-160.3384
1.9038,140.7192,-81.0483
1.9089,64.4866,-25.932
1.9128,-162.894,184.3631
1.9166,103.6504,83.2606
1.9233,-133.3502,17.4308
1.9254,124.0811,-197.9699
1.9284,56.6223,-96.4682
1.9314,-165.2562,149.7108
1.9344,104.8696,73.1433
1.9398,-130.3233,21.3012
1.9428,127.1703,-187.3958
1.9473,59.7413,-84.4289
1.9517,-163.1798,160.7979
1.9555,105.8807,81.673
1.9584,-129.3321,27.0601
1.9636,127.8069,-184.0442
1.9665,59.9119,-82.7118
1.9705,-163.4529,160.8565
1.9744,-71.4123,81.3944
1.9784,-13.3137,26.4807
1.9825,197.7606,-184.6793
1.9864,94.246,-83.267
1.9901,-153.2885,160.262
1.9943,-75.7564,81.2313
1.998,-23.3225,26.3922
2.002,185.4985,-184.7144
2.006,83.2694,-83.4438
2.01,-161.9055,-16.2707
2.0137,-81.5142,197.1712
2.0176,151.4364,96.5498
2.0215,67.2498,-150.2411
2.0247,12.3227,-73.1972
2.0292,-195.9016,-20.4007
2.0327,-91.2396,186.7071
2.0368,156.0212,84.2666
2.0408,78.407,-160.837
2.0451,25.1284,-81.6421
2.0487,-184.6103,-26.2982
2.0523,-83.0045,183.6511
2.0564,161.6297,82.4924
2.0601,81.883,-161.1241
2.0638,26.5646,-81.291
2.0678,-183.5921,-25.8541
2.0727,-83.6007,184.2422
2.0761,160.8308,83.4084
2.0803,-97.1229,17.3413
2.0838,143.1788,-197.991
2.088,63.4801,-96.4505
2.092,-165.5103,149.7454
2.096,101.0036,73.1806
2.0996,-135.7359,21.3336
2.1038,122.2369,-187.3715
2.1078,55.3714,-84.2378
2.112,-165.9888,160.5168
2.1157,104.3536,81.7224
2.1192,-130.4649,27.096
2.1234,127.5954,-184.0215
2.1266,59.86,-82.6996
2.1309,-163.0638,160.8611
2.1385,105.9754,81.3943
2.1405,-129.2644,26.4782
2.1425,127.8491,-184.6826
2.1465,59.9339,-83.4452
2.1495,-163.4451,160.5495
2.1545,-71.2381,81.1839
2.1575,-13.4338,26.3558
2.1626,197.5097,-184.7389
2.1659,94.3209,-83.458
2.1699,-153.234,122.5673
2.1737,-75.7216,106.1589
2.1772,154.0599,41.4316
2.1816,69.0222,-177.325
2.1855,12.8298,-81.2479
2.1897,-195.9564,-17.1192
2.1931,-91.924,195.0779
2.1975,155.3051,93.824
2.2015,77.6219,-152.6516
2.205,24.7918,-75.0341
2.2092,-185.1839,-21.6292
2.2122,-82.7266,186.1762
2.2162,161.7724,83.8347
2.2202,81.7569,-160.9692
2.2249,26.6721,-81.5976
2.2281,-184.0834,-26.3457
2.2321,-83.2653,183.7396
2.2361,161.0085,82.8108
2.2402,-97.2316,-160.742
2.2442,142.9415,-81.2915
2.2482,32.4017,-25.876
2.2513,-144.9783,184.213
2.2564,113.3914,83.3804
2.2594,-129.6491,17.3187
2.2644,123.8709,-198.0069
2.2677,54.7879,-96.2852
2.2708,-167.7875,149.6254
2.2748,102.5875,73.1096
2.2788,-132.4379,21.1248
2.2834,125.6778,-187.2653
2.2871,58.8235,-84.1629
2.2915,-163.6456,160.913
2.2952,105.9019,81.5158
2.2988,-129.4144,26.965
2.3022,127.6854,-184.0913
2.3066,60.1413,-82.9011
2.311,-163.4325,160.9765
2.3145,105.6857,81.4777
2.3185,-129.2889,26.531
2.3219,127.79,-184.6545
2.3254,59.867,-83.4347
2.3301,-163.5045,160.5492
2.3342,-71.6337,81.1782
2.3372,-12.8841,26.3481
2.3422,197.576,-184.7461
2.3452,94.1274,-83.4638
2.3492,-153.353,160.3821
2.3532,-75.9571,81.3188
2.3572,154.3301,26.4479
2.3612,68.9809,-184.5094
2.3653,12.9857,-83.5472
2.3693,-196.2512,-16.3399
2.3728,-92.0499,197.3064
2.3759,155.4627,96.2418
2.3802,77.8982,-150.024
2.3842,24.7319,-73.2725
2.3882,-185.0563,-20.4384
2.3922,-83.0497,186.8703
2.3955,161.6231,84.155
2.3995,81.7223,-160.7206
2.4036,26.7024,-81.6034
2.4086,-184.2,-26.4812
2.4122,-83.0873,183.3854
2.4154,161.3076,82.7548
2.42,-97.0965,16.9038
2.4231,143.1443,-198.2427
2.4279,-114.1188,-96.3887
2.4317,-48.9747,149.7827
2.4349,170.9338,73.0239
2.4395,-100.999,21.279
2.4431,132.6044,-187.3643
2.4471,37.4363,-84.2001
2.4514,-167.5698,160.7389
2.4546,97.6161,81.6512
2.4586,-138.3521,27.0612
2.4631,119.9386,-184.0316
2.4663,53.6288,-82.8704
2.4706,-167.1482,160.9871
2.4748,-73.4969,81.4762
2.4778,-14.2144,26.5236
2.4821,197.4471,-184.6639
2.4857,94.4629,-83.4434
2.4901,-152.6609,160.5424
2.4936,-75.1999,81.1734
2.4977,-23.2478,26.3453
2.5022,185.838,-184.7476
2.5054,83.6871,-83.4642
2.5089,-161.5188,160.3823
2.5134,-81.5598,81.3193
2.5174,-26.7126,26.4484
2.5216,184.1026,-184.5089
2.5246,82.9618,-83.5469
2.5288,-161.4261,-16.5147
2.533,-81.2375,197.4215
2.537,151.9119,96.4863
2.5412,67.9213,-150.1049
2.5462,12.9804,-73.3318
2.5481,-195.7135,-20.6515
2.552,-91.325,186.7896
2.556,156.16,84.1561
2.5602,78.4623,-160.6776
2.5633,24.9561,-81.5463
2.568,-184.5198,-26.4265
2.572,-82.9696,183.6045
2.5755,161.8052,82.846
2.5796,-96.4885,-161.1504
2.5846,143.7052,-81.333
2.588,-113.3277,-25.897
2.5914,-48.9007,184.2062
2.5954,171.3269,83.207
2.5994,-101.2093,17.4394
2.6034,132.295,-197.9308
2.6074,51.1357,-96.2449
2.6107,-176.3227,149.6404
2.6152,92.2994,73.109
2.6193,-141.1701,21.2913
2.6224,118.886,-187.3914
2.6264,54.0134,-84.2428
2.6304,-166.2656,160.5203
2.6344,104.6797,81.5546
2.6384,-129.7094,27.2189
2.642,128.6176,-183.9452
2.646,60.1444,-82.8354
2.65,-163.032,160.9897
2.654,106.047,81.2866
2.6582,-129.1845,26.6177
2.6614,127.9196,-184.615
2.6654,59.9874,-83.4261
2.6698,-163.4093,160.3653
2.673,-71.3928,81.2769
2.677,-13.1345,26.5754
2.681,197.4659,-184.842
2.685,94.2833,-83.5342
2.6885,-153.087,-16.3265
2.6926,-75.8549,197.3177
2.6966,154.1554,96.4252
2.7011,68.8689,-150.1337
2.7043,12.9249,-73.339
2.7088,-196.2751,-20.4713
2.7128,-92.0508,186.6852
2.7158,155.4737,84.2734
2.7207,77.9135,-160.8166
2.7246,24.5717,-81.6181
2.7287,-184.9293,-26.2765
2.7324,-82.9717,183.4928
2.7355,161.8376,82.6188
2.7395,81.7953,-161.048
2.7434,26.6901,-81.2537
2.7475,-184.0788,-25.8432
2.7514,-83.4435,184.2378
2.7559,161.1169,83.3968
2.7591,-97.1694,-160.5611
2.763,143.1443,-81.1745
2.767,-108.1282,-25.9871
2.771,-52.834,184.3539
2.7755,168.7989,83.4517
2.7785,-102.2332,17.3421
2.7835,132.0438,-198.0122
2.7865,51.4997,-96.4794
2.7905,-176.0548,149.7175
2.7935,92.8223,73.158
2.798,-140.9556,21.3175
2.802,119.2555,-187.3814
2.806,54.2245,-84.2428
2.8104,-166.3471,160.5151
2.8145,104.4617,81.5477
2.8185,-129.6102,27.2122
2.8215,128.1627,-183.9505
2.8255,60.5328,-82.6641
2.83,-163.152,160.8723
2.8339,-50.3167,81.3911
2.837,-26.1021,26.4682
2.841,190.0499,-184.6944
2.8451,90.4616,-83.456
2.8491,-154.4087,160.3661
2.8531,-75.316,81.2932
2.8571,154.8584,26.4218
2.8614,70.5867,-184.7064
2.8644,14.3458,-83.4483
2.8684,-195.2495,-16.2808
2.8729,-91.2283,197.3349
2.8769,155.7011,96.4249
2.8799,77.7963,-150.1429
2.8839,24.8226,-73.3513
2.8879,-185.0573,-20.4831
2.8919,-82.9224,186.6757
2.8959,161.6194,84.2667
2.8999,81.652,-160.8207
2.9039,26.4346,-81.6202
2.9081,-184.1732,-26.2772
2.9121,-83.2639,183.4929
2.9152,161.0565,82.6194
2.9192,81.2465,-161.0474
2.9234,26.1793,-81.2531
2.9275,-184.4829,-25.8427
2.9307,-83.7238,184.2381
2.9347,160.9482,83.397
2.9392,-97.252,17.3281
2.9422,143.12,-198.0029
2.9474,-113.7212,-96.4597
2.9504,-49.1286,149.7392
2.9545,171.048,73.177
2.9588,-101.1166,21.3319
2.9629,132.3877,-187.3719
2.9667,51.3878,-84.2374
2.9708,-176.382,160.6926
2.9743,92.0902,81.4331
2.9783,-141.0705,27.1422
2.9825,119.1273,-183.8107
2.9856,54.1113,-82.7904
2.9896,-166.4332,160.8059
2.994,-72.7845,81.3669
2.9971,-13.2748,26.6448
3.0014,198.3431,-184.7949
3.0054,95.0084,-83.3315
3.0095,-152.5638,160.4098
3.0132,-75.3498,81.1129
3.0176,-23.149,26.3322
3.0207,186.0479,-184.7341
3.0247,83.5681,-83.4394
3.0293,-161.6116,160.4088
3.0328,-81.7982,81.342
3.0368,150.5536,26.4654
3.0408,67.7858,-184.6729
3.0449,12.7962,-83.4257
3.0486,-195.8915,-16.4428
3.0526,-91.4693,197.4559
3.0558,156.0576,96.4956
3.0598,78.399,-150.2853
3.0633,25.0988,-73.0536
3.0677,-184.821,-20.5352
3.0722,-82.9221,186.8027
3.0762,161.8486,84.114
3.0794,81.7847,-160.916
3.0834,26.495,-81.6697
3.0874,-184.3354,-26.4699
3.0918,-83.1627,183.6098
3.0951,161.2759,82.8754
3.0994,-97.1002,-161.1138
3.1034,143.1555,-81.2988
3.1074,-114.2768,-25.8699
3.1107,-48.8426,184.225
3.1148,171.1924,83.3934
3.119,-101.0696,17.33
3.1226,132.5517,-197.9985
3.1269,-125.955,-96.4547
3.1308,-60.3048,149.7435
3.1349,162.3235,73.1804
3.1379,-106.5662,21.3341
3.1419,129.3767,-187.3705
3.1463,49.9691,-84.2369
3.1503,-176.9151,160.5176
3.1534,92.1033,81.723
3.1576,-140.6038,27.0964
3.1616,119.9226,-184.0213
3.1646,54.9396,-82.8747
3.1692,-166.0795,160.9761
3.1737,-72.2098,81.2885
3.1777,-13.385,26.6273
3.1817,198.2498,-184.6032
3.1857,94.9398,-83.4151
3.189,-152.6081,25.2064
3.193,-75.1989,170.054
3.1972,129.7529,79.952
3.2004,85.478,-158.4234
3.205,22.74,-75.6572
3.2082,-191.4527,-19.4995
3.2122,-90.2677,189.182
3.2162,154.865,87.3029
3.2206,76.3545,-158.5558
3.2247,22.9654,-79.438
3.2285,-186.6357,-24.8603
3.2317,-84.0882,184.2746
3.2358,160.8649,82.941
3.2401,81.2376,-161.1921
3.2436,26.4409,-81.4378
3.2481,-184.302,-25.8413
3.2513,-83.265,183.9848
3.2553,161.2963,83.0559
3.2593,81.219,-160.7137
3.2633,26.1942,-81.0294
3.2673,-184.4488,-25.7136
3.2703,-83.6856,184.2964
3.275,160.982,83.4091
3.279,-97.2263,17.3143
3.283,143.1372,-198.0276
3.287,-113.5362,-96.4858
3.291,-49.2391,149.7168
3.294,170.9795,72.9853
3.298,-101.1518,21.4361
3.302,132.5508,-187.3085
3.306,51.2746,-84.2059
3.3103,-176.4426,160.7024
3.3142,92.242,81.6052
3.3182,-141.1857,27.0181
3.3222,119.0698,-184.0658
3.3261,54.0932,-82.7191
3.3301,-166.428,160.8577
3.3331,104.2455,81.3998
3.3371,-129.5089,26.4873
3.3411,128.0597,-184.4981
3.3451,60.5174,-83.5523
3.3493,-162.5943,160.486
3.3526,-70.7455,81.1536
3.3576,-12.8591,26.1727
3.3609,198.0284,-184.6192
3.3644,94.3721,-83.3781
3.3689,-153.4318,21.7626
3.3724,-75.6636,172.4127
3.3764,154.2396,81.3884
3.3809,68.8836,-157.7061
3.3841,12.9015,-75.432
3.3886,-196.1392,-19.5657
3.3918,-92.0312,188.9774
3.3958,155.2551,87.062
3.3998,77.6097,-158.599
3.4032,24.8013,-79.7226
3.4075,-184.8149,-25.0452
3.412,-83.1112,183.9974
3.4152,161.5915,83.014
3.4192,81.7115,-161.1268
3.4232,26.8791,-81.3876
3.4272,-184.1321,-25.9825
3.4303,-83.262,184.1195
3.4347,161.2131,83.3095
3.4387,-97.1336,-160.6175
3.4427,143.143,-81.2055
3.4474,-113.7512,-25.8246
3.4522,-49.1807,184.2379
3.4542,171.1685,83.3875
3.4582,-101.2781,17.3154
3.4622,132.4589,-198.015
3.4667,51.2163,-96.4695
3.4707,-176.4738,149.7323
3.4742,92.4052,73.1727
3.4782,-141.3006,21.3297
3.4818,118.8315,-187.3725
3.4866,54.1824,-84.2373
3.4893,-166.3608,160.5181
3.4931,104.8151,81.7239
3.4977,-129.8288,27.0972
3.5017,128.0376,-184.0205
3.5057,60.4771,-82.699
3.5087,-162.8123,160.8614
3.5127,105.9962,81.5695
3.5175,-129.0157,26.3633
3.5215,127.9974,-184.752
3.5254,59.8302,-83.4794
3.5291,-163.3104,160.3642
3.5331,-71.3541,81.3028
3.5361,-12.7833,26.6107
3.5401,197.3925,-184.8078
3.5441,94.0042,-83.5065
3.5481,-153.249,-16.3069
3.5521,-75.9292,197.3298
3.5561,154.4892,96.4314
3.5601,68.655,-150.1315
3.5641,12.8163,-73.3394
3.5672,-196.1361,-20.4729
3.5721,-91.9832,186.8583
3.5759,155.3179,84.1566
3.579,77.8445,-160.8874
3.5832,24.7342,-81.6532
3.5877,-184.8505,-26.4623
3.5912,-82.9496,183.6114
3.5945,161.6518,82.6986
3.5985,81.7095,-161.0019
3.6027,26.6703,-81.2328
3.6073,-183.8862,-25.8387
3.6103,-83.5248,184.233
3.614,161.0838,83.213
3.619,-97.3472,17.2587
3.6231,143.2727,-197.8265
3.6258,63.5464,-96.3622
3.6306,-165.4695,149.7795
3.6346,101.0244,73.1811
3.6385,-135.729,21.3166
3.6425,122.2355,-187.3945
3.6456,55.541,-84.2599
3.6506,-166.1103,160.674
3.6535,104.4532,81.5947
3.6583,-130.4436,27.0187
3.6614,127.3977,-184.0595
3.6654,59.7585,-82.7111
3.6694,-163.0984,160.8652
3.6729,106.1562,81.2307
3.6779,-129.354,26.6065
3.6814,127.8109,-184.6012
3.6854,59.9286,-83.4019
3.6892,-163.4325,160.5658
3.6931,-12.5642,81.1836
3.697,-51.9351,26.347
3.7012,174.2898,-184.7506
3.7052,82.9197,-83.4691
3.7082,-156.6141,160.3773
3.7122,-74.402,81.315
3.7162,157.5699,26.4453
3.7202,73.0587,-184.686
3.7242,16.4479,-83.4329
3.7282,-193.3464,-16.2708
3.7322,-89.9275,197.3406
3.7362,156.2953,96.4273
3.7402,78.4511,-150.1426
3.7442,24.6963,-73.3521
3.7482,-184.863,-20.4843
3.7513,-83.297,186.6744
3.7553,161.5417,84.2656
3.7594,81.5651,-160.8214
3.7634,26.5329,-81.6207
3.7674,-184.3467,-26.2775
3.7704,-83.3725,183.4928
3.7751,161.175,82.7945
3.779,-97.3029,-160.9872
3.783,143.2852,-81.4374
3.787,-113.6482,-25.9461
3.79,-49.1155,184.194
3.794,171.2032,83.3908
3.798,-101.2651,17.3425
3.802,132.4587,-197.9803
3.807,51.0342,-96.4368
3.8103,-176.3682,149.7583
3.8134,92.4656,73.1909
3.8175,-141.2737,21.3408
3.8216,119.0116,-187.3671
3.8263,54.0603,-84.2355
3.8291,-166.4422,160.5175
3.8328,104.5934,81.7222
3.8371,-129.7346,27.0953
3.8413,127.9279,-184.0222
3.8453,60.4564,-82.7003
3.8493,-162.6086,160.8605
3.8535,106.1053,81.394
3.8574,-128.9738,26.478
3.8613,127.9977,-184.6827
3.8652,59.984,-83.4452
3.868,-163.4541,160.3744
3.8722,-71.6261,81.2989
3.8762,-13.0749,26.4252
3.8807,197.6659,-184.7048
3.8837,93.9961,-83.4479
3.8877,-153.2254,-9.2776
3.8917,-75.8932,192.7348
3.8955,154.3502,93.6497
3.8995,68.9751,-151.6814
3.9041,12.7925,-73.6413
3.9081,-196.1575,-20.2569
3.9121,-91.8247,187.3036
3.9151,155.1916,84.6437
3.9191,77.9437,-160.637
3.9231,24.7572,-81.2171
3.9271,-184.8706,-26.0052
3.9311,-83.1635,183.8262
3.9342,161.5499,82.7521
3.9383,81.8577,-161.2155
3.9432,26.5715,-81.372
3.9473,-183.92,-25.916
3.9501,-83.3443,184.2007
3.9539,161.1686,83.2094
3.9582,80.738,-160.6187
3.962,26.3141,-80.9805
3.9659,-184.7409,-25.5218
3.9697,-83.4392,184.354
3.9739,160.9378,83.2126
3.9781,-97.0621,17.1959
3.9816,143.2054,-198.0856
3.9856,-114.0543,-96.3278
3.9896,-48.9196,149.7838
3.9933,170.9747,72.994
3.997,-100.9723,21.2383
4.001,132.6192,-187.4035
4.005,-125.7392,-84.2319
4.009,-60.2248,160.8914
4.013,-15.0437,81.5222
4.017,9.6964,26.9847
4.0215,199.3463,-184.0681
4.0247,84.3742,-82.705
4.0287,-166.4884,161.0529
4.0327,-89.1136,81.3045
4.0367,-34.4801,26.4342
4.0407,177.9016,-184.6956
4.0447,78.4495,-83.4402
4.0477,-164.3,160.7382
4.0517,-82.7786,81.0845
4.0564,-26.7453,26.3005
4.0594,184.8603,-184.7622
4.0636,83.8212,-83.4608
4.0673,-160.661,160.5695
4.0714,-80.6516,81.2188
4.0759,-25.5834,26.3924
4.0799,184.8024,-184.7077
4.0839,83.6717,-83.4349
4.0879,-161.0074,77.0595
4.0909,-81.0399,136.0642
4.0949,151.9621,59.2943
4.0989,67.5371,-168.3516
4.1029,13.3139,-78.5506
4.1066,-195.7685,-18.2831
4.1107,-91.3951,192.4782
4.1145,155.919,90.4049
4.1184,78.3497,-155.0326
4.1224,25.2789,-77.1754
4.1264,-184.7287,-23.2817
4.1305,-82.8908,185.4072
4.1345,161.1429,83.476
4.1385,82.0462,-160.8806
4.1425,27.0339,-81.6445
4.1465,-184.2711,-26.279
4.1495,-83.1783,184.0282
4.1535,-16.8422,82.9892
4.1575,19.7787,17.0633
4.1616,213.6386,-198.149
4.1655,-79.674,-96.5198
4.1695,-38.5893,149.7334
4.173,-10.8842,73.2003
4.1771,5.214,21.3661
4.1815,190.6621,-187.3379
4.1855,-102.701,-84.2094
4.1885,-57.886,160.7128
4.1925,-24.969,81.6209
4.1965,-3.9624,27.034
4.2005,185.9254,-184.0526
4.2045,-104.347,-82.7096
4.2085,-58.0127,160.8637
4.2129,-24.118,81.403
4.2167,-2.5791,26.4885
4.2197,187.171,-184.6732
4.2239,73.4537,-83.438
4.2273,-173.674,160.5545
4.2316,-93.853,81.1869
4.2356,-36.8029,26.3572
4.2397,177.0425,-184.7385
4.2434,78.1391,-83.4582
4.2478,-163.575,160.3857
4.251,-81.9953,81.3208
4.2552,151.1229,26.2737
4.2593,69.002,-184.3943
4.2633,13.787,-83.3031
4.2673,-194.8354,-16.4213
4.2713,-90.7351,197.2467
4.2749,156.1509,96.0283
4.2789,78.8472,-149.9299
4.2829,25.1276,-73.2115
4.2869,-184.6623,-20.4047
4.2909,-82.899,186.8841
4.2939,-16.0909,83.9812
4.2989,198.5333,-160.7861
4.3019,97.0616,-81.6021
4.3059,-149.9037,-26.4457
4.3104,-73.007,183.6074
4.3137,-21.019,83.0349
4.3182,9.1154,-161.0734
4.3214,201.6371,-81.5016
4.3262,-90.4894,-26.1631
4.3302,-46.9486,184.2856
4.3339,-16.5539,83.4504
4.3369,1.8947,17.3754
4.3409,189.2927,-197.9668
4.3459,-103.1846,-96.4355
4.3497,-57.6567,149.7531
4.3534,-24.4124,73.0082
4.3573,-3.3326,21.2731
4.3613,186.6604,-187.189
4.3651,-104.3838,-84.3118
4.3682,-57.5644,160.6738
4.3729,-23.8472,81.6212
4.3769,63.7374,26.7042
4.3799,143.7454,-183.6203
4.3847,-129.7939,-82.6597
4.3885,-70.3393,160.8836
4.3924,-27.5966,81.404
4.3964,-0.916,26.6549
4.3995,191.1929,-184.6255
4.4035,78.3514,-83.4593
4.4075,-169.8626,-16.3372
4.4115,-90.7254,197.2648
4.4155,-34.9109,96.1846
4.4195,178.1514,-150.2546
4.4235,79.0065,-73.2027
4.4275,-164.0304,-20.5762
4.4315,-82.0024,186.8243
4.4355,152.0478,83.989
4.4385,67.9719,-160.7448
4.4425,13.6788,-81.3756
4.4466,-195.5018,-26.1627
4.4506,-90.8743,183.521
4.4538,156.1313,82.4231
4.4581,78.8925,-160.9753
4.4622,25.3736,-81.2304
4.4662,-184.7054,-25.6742
4.4702,-82.9081,183.9275
4.4747,-15.906,83.0683
4.4784,198.4362,-160.4927
4.4824,97.0112,-80.9139
4.4865,-149.9214,-25.8471
4.4903,-73.005,184.2328
4.494,-21.3573,83.2171
4.498,9.5354,17.4393
4.5019,201.6747,-197.761
4.5058,-90.4796,-96.367
4.5087,-46.9548,149.5642
4.5138,-16.5672,73.0695
4.5168,1.88,21.4525
4.5204,189.2798,-187.3298
4.5251,-103.1944,-84.2428
4.5294,-57.6632,160.1384
4.5334,-24.4161,81.5669
4.5372,-3.1591,27.4317
4.541,186.5452,-183.8407
4.544,-104.1026,-82.8045
4.548,-58.0028,-15.861
4.552,-24.0553,197.3929
4.5558,-2.3249,89.1083
4.5598,187.3052,-145.2934
4.5646,74.0285,-70.4302
4.5676,-174.0213,-18.8768
4.5715,-94.0897,187.1568
4.5761,-36.9424,84.0874
4.5801,176.9768,-161.4839
4.5831,78.4728,-82.0688
4.5871,-163.7934,-26.7139
4.5911,-82.1101,182.9617
4.5951,151.6063,82.6556
4.5991,68.6598,-161.4261
4.6035,13.7792,-81.2551
4.6065,-195.0201,-25.8259
4.6106,-90.8042,183.9116
4.6146,156.3281,83.2999
4.6181,78.7707,-160.5236
4.6222,25.2838,-80.7242
4.6267,-184.7633,-25.5765
4.6297,-82.9398,184.1487
4.6349,161.445,83.1401
4.6381,81.952,-160.685
4.6421,26.7521,-80.8589
4.6461,-184.4263,-25.8496
4.6504,-83.2417,184.2013
4.6534,3.1123,83.176
4.6574,56.5951,-160.4887
4.6621,172.9962,-80.9638
4.6653,-103.29,-25.9164
4.6693,-49.4221,183.9904
4.6733,-13.122,83.2773
4.6768,7.4257,17.4697
4.6811,195.1334,-197.7511
4.6851,-98.1819,-96.5445
4.6891,-53.9388,149.6709
4.6921,-21.9897,73.129
4.6963,-1.8141,21.4775
4.7003,186.5795,-187.3266
4.7043,-103.6972,-84.4267
4.7083,-57.8262,160.4152
4.7126,-24.2015,81.683
4.7157,-2.4369,26.9201
4.7198,186.7046,-183.7121
4.7238,49.9926,-82.719
4.7284,-158.7251,-15.8123
4.7321,-84.8259,197.2393
4.736,-32.3608,96.2307
4.74,178.3696,-149.6543
4.7437,77.6387,-73.1204
4.7477,-164.9294,-20.4241
4.7516,-83.5574,186.6363
4.7556,-27.1178,84.0084
4.7596,184.0599,-160.9724
4.7635,83.2877,-81.5161
4.7674,-160.9663,-26.2345
4.7713,-80.9625,183.4968
4.7745,152.5702,82.4276
4.7786,67.964,-161.132
4.7823,13.2245,-81.0931
4.7871,-195.9328,-25.7593
4.7901,-91.0446,184.0928
4.7941,156.124,83.1589
4.7981,78.6201,-160.631
4.8021,25.1865,-80.796
4.8061,-184.8167,-25.6178
4.8101,-82.9615,184.1302
4.8141,161.0932,83.1364
4.8181,82.1908,-160.5053
4.8221,26.9037,-80.9659
4.8252,-184.3455,-25.9105
4.8292,-83.2111,184.1745
4.8332,-16.673,83.1712
4.8377,197.7367,-160.4812
4.8407,96.6409,-80.9514
4.8448,-150.2344,-25.9035
4.8493,-73.235,184.1764
4.8534,-21.1553,83.1703
4.8565,9.2246,17.0553
4.8605,201.5036,-197.5524
4.8646,-90.5497,-96.2397
4.8689,-46.961,149.6281
4.8721,-16.5395,73.0898
4.8763,2.0955,20.9217
4.8803,189.2048,-186.8275
4.8845,-103.0557,-84.3459
4.8876,-57.7885,160.4421
4.8916,-24.4806,81.6777
4.8956,174.5325,-42.2605
4.8997,69.835,-138.3171
4.904,-173.9647,-55.3441
4.9083,-92.7338,-2.198
4.9113,-34.4497,201.2813
4.9161,1.3888,94.8378
4.9198,197.8113,-154.1281
4.924,86.5822,-78.0637
4.9277,-163.2588,-24.7648
4.9307,-85.7352,183.3464
4.9347,120.8993,81.9953
4.9388,80.2263,-162.3355
4.9432,19.7111,-82.1375
4.9471,-192.8221,-26.1934
4.9513,-91.0755,183.5212
